Stephen Curry,32,GSW,PG,63,63,34.2,10.4,21.7,0.482,5.3,12.7,0.421,5.1,9,0.569,5.7,6.3,0.916,0.5,5,5.5,5.8,1.2,0.1,3.4,32,curryst01
Bradley Beal,27,WAS,SG,60,60,35.8,11.2,23,0.485,2.2,6.2,0.349,9,16.8,0.535,6.8,7.7,0.889,1.2,3.5,4.7,4.4,1.2,0.4,3.1,31.3,bealbr01
Damian Lillard,30,POR,PG,67,67,35.8,9,19.9,0.451,4.1,10.5,0.391,4.9,9.4,0.519,6.7,7.2,0.928,0.5,3.7,4.2,7.5,0.9,0.3,3,28.8,lillada01
Joel Embiid,26,PHI,C,51,51,31.1,9,17.6,0.513,1.1,3,0.377,7.9,14.6,0.541,9.2,10.7,0.859,2.2,8.4,10.6,2.8,1,1.4,3.1,28.5,embiijo01
Giannis Antetokounmpo,26,MIL,PF,61,61,33,10.3,18,0.569,1.1,3.6,0.303,9.2,14.4,0.636,6.5,9.5,0.685,1.6,9.4,11,5.9,1.2,1.2,3.4,28.1,antetgi01
Luka Dončić,21,DAL,PG,66,66,34.3,9.8,20.5,0.479,2.9,8.3,0.35,6.9,12.2,0.567,5.2,7.1,0.73,0.8,7.2,8,8.6,1,0.5,4.3,27.7,doncilu01
Zach LaVine,25,CHI,SG,58,58,35.1,9.8,19.4,0.507,3.4,8.2,0.419,6.4,11.1,0.571,4.4,5.1,0.849,0.6,4.4,5,4.9,0.8,0.5,3.5,27.4,lavinza01
Zion Williamson,20,NOP,PF,61,61,33.2,10.4,17,0.611,0.2,0.6,0.294,10.2,16.4,0.622,6,8.7,0.698,2.7,4.5,7.2,3.7,0.9,0.6,2.7,27,willizi01
Kevin Durant,32,BRK,PF,35,32,33.1,9.3,17.2,0.537,2.4,5.4,0.45,6.8,11.8,0.577,6,6.8,0.882,0.4,6.7,7.1,5.6,0.7,1.3,3.4,26.9,duranke01
Kyrie Irving,28,BRK,PG,54,54,34.9,10.2,20.1,0.506,2.8,7,0.402,7.4,13.1,0.561,3.7,4,0.922,1,3.8,4.8,6,1.4,0.7,2.4,26.9,irvinky01
Nikola Jokić,25,DEN,C,72,72,34.6,10.2,18,0.566,1.3,3.3,0.388,8.9,14.7,0.606,4.8,5.5,0.868,2.8,8,10.8,8.3,1.3,0.7,3.1,26.4,jokicni01
Donovan Mitchell,24,UTA,PG,53,53,33.4,9,20.6,0.438,3.4,8.7,0.386,5.7,11.9,0.476,5,6,0.845,0.9,3.5,4.4,5.2,1,0.3,2.8,26.4,mitchdo01
Jayson Tatum,22,BOS,SF,64,64,35.8,9.5,20.6,0.459,2.9,7.6,0.386,6.5,13,0.502,4.6,5.3,0.868,0.8,6.6,7.4,4.3,1.2,0.5,2.7,26.4,tatumja01
Devin Booker,24,PHO,SG,67,67,33.9,9.3,19.2,0.484,1.9,5.5,0.34,7.4,13.7,0.543,5.1,5.9,0.867,0.5,3.7,4.2,4.3,0.8,0.2,3.1,25.6,bookede01
Trae Young,22,ATL,PG,63,63,33.7,7.7,17.7,0.438,2.2,6.3,0.343,5.6,11.3,0.491,7.7,8.7,0.886,0.6,3.3,3.9,9.4,0.8,0.2,4.1,25.3,youngtr01
De'Aaron Fox,23,SAC,PG,58,58,35.1,9.1,19.1,0.477,1.8,5.5,0.322,7.3,13.6,0.539,5.2,7.2,0.719,0.6,2.9,3.5,7.2,1.5,0.5,3,25.2,foxde01
LeBron James,36,LAL,PG,45,45,33.4,9.4,18.3,0.513,2.3,6.3,0.365,7.1,12,0.591,4,5.7,0.698,0.6,7,7.7,7.8,1.1,0.6,3.7,25,jamesle01
Kawhi Leonard,29,LAC,SF,52,52,34.1,8.9,17.5,0.512,1.9,4.9,0.398,7,12.6,0.557,5,5.7,0.885,1.1,5.4,6.5,5.2,1.6,0.4,2,24.8,leonaka01
Karl-Anthony Towns,25,MIN,C,50,50,33.8,8.5,17.5,0.486,2.4,6.3,0.387,6.1,11.2,0.541,5.3,6.2,0.859,2.7,7.9,10.6,4.5,0.8,1.1,3.2,24.8,townska01
Jaylen Brown,24,BOS,SG,58,58,34.5,9.3,19.2,0.484,2.8,7.1,0.397,6.5,12.1,0.536,3.3,4.3,0.764,1.2,4.8,6,3.4,1.2,0.6,2.7,24.7,brownja02
James Harden,31,2TM,PG,44,43,36.6,7.8,16.7,0.466,2.8,7.6,0.362,5,9.1,0.553,6.3,7.3,0.861,0.8,7.1,7.9,10.8,1.2,0.8,4,24.6,hardeja01
James Harden,31,HOU,PG,8,8,36.3,7.5,16.9,0.444,3.1,9,0.347,4.4,7.9,0.556,6.6,7.5,0.883,0.6,4.5,5.1,10.4,0.9,0.8,4.3,24.8,hardeja01
James Harden,31,BRK,PG,36,35,36.6,7.8,16.6,0.471,2.7,7.3,0.366,5.2,9.4,0.552,6.3,7.3,0.856,0.8,7.7,8.5,10.9,1.3,0.8,4,24.6,hardeja01
Collin Sexton,22,CLE,SG,60,60,35.3,8.8,18.4,0.475,1.6,4.4,0.371,7.1,14,0.508,5.2,6.4,0.815,1,2.2,3.1,4.4,1,0.2,2.8,24.3,sextoco01
Julius Randle,26,NYK,PF,71,71,37.6,8.5,18.6,0.456,2.3,5.5,0.411,6.2,13.1,0.474,4.9,6,0.811,1.2,9,10.2,6,0.9,0.3,3.4,24.1,randlju01
Brandon Ingram,23,NOP,SF,61,61,34.3,8.4,18,0.466,2.3,6.1,0.381,6.1,11.9,0.51,4.6,5.2,0.878,0.6,4.3,4.9,4.9,0.7,0.6,2.5,23.8,ingrabr01
Shai Gilgeous-Alexander,22,OKC,SG,35,35,33.7,8.2,16.1,0.508,2,4.9,0.418,6.2,11.3,0.547,5.3,6.5,0.808,0.5,4.2,4.7,5.9,0.8,0.7,3,23.7,gilgesh01
Nikola Vučević,30,2TM,C,70,70,33.5,9.5,19.9,0.477,2.5,6.3,0.4,7,13.7,0.513,1.9,2.2,0.84,2.1,9.6,11.7,3.8,0.9,0.7,1.8,23.4,vucevni01
Nikola Vučević,30,ORL,C,44,44,34.1,9.9,20.6,0.48,2.7,6.5,0.406,7.3,14.1,0.515,2.1,2.5,0.827,2,9.8,11.8,3.8,1,0.6,1.9,24.5,vucevni01
Nikola Vučević,30,CHI,C,26,26,32.6,8.8,18.8,0.471,2.3,5.8,0.388,6.6,12.9,0.509,1.5,1.8,0.87,2.3,9.3,11.5,3.9,0.9,0.8,1.7,21.5,vucevni01
Paul George,30,LAC,SF,54,54,33.7,8.2,17.6,0.467,3.2,7.7,0.411,5.1,9.9,0.51,3.7,4.2,0.868,0.8,5.8,6.6,5.2,1.1,0.4,3.3,23.3,georgpa01
CJ McCollum,29,POR,SG,47,47,34,8.6,18.8,0.458,3.6,8.9,0.402,5,9.9,0.509,2.3,2.8,0.812,0.6,3.3,3.9,4.7,0.9,0.4,1.4,23.1,mccolcj01
Jerami Grant,26,DET,SF,54,54,33.9,7.4,17.3,0.429,2.1,6.1,0.35,5.3,11.2,0.473,5.4,6.4,0.845,0.6,4,4.6,2.8,0.6,1.1,2,22.3,grantje01
Russell Westbrook,32,WAS,PG,65,65,36.4,8.4,19,0.439,1.3,4.2,0.315,7,14.8,0.475,4.2,6.4,0.656,1.7,9.9,11.5,11.7,1.4,0.4,4.8,22.2,westbru01
Anthony Davis,27,LAL,PF,36,36,32.3,8.4,17,0.491,0.7,2.8,0.26,7.6,14.3,0.536,4.4,5.9,0.738,1.7,6.2,7.9,3.1,1.3,1.6,2.1,21.8,davisan02
DeMar DeRozan,31,SAS,PF,61,61,33.7,7.5,15.1,0.495,0.3,1.2,0.257,7.1,13.9,0.515,6.3,7.2,0.88,0.7,3.6,4.2,6.9,0.9,0.2,2,21.6,derozde01
Jimmy Butler,31,MIA,SF,52,52,33.6,7,14.2,0.497,0.5,2,0.245,6.6,12.2,0.538,6.9,8,0.863,1.8,5.1,6.9,7.1,2.1,0.3,2.1,21.5,butleji01
Pascal Siakam,26,TOR,PF,56,56,35.8,7.8,17.2,0.455,1.3,4.4,0.297,6.5,12.8,0.509,4.4,5.4,0.827,1.7,5.5,7.2,4.5,1.1,0.7,2.3,21.4,siakapa01
Malcolm Brogdon,28,IND,PG,56,56,34.5,7.9,17.5,0.453,2.6,6.7,0.388,5.3,10.8,0.493,2.7,3.2,0.864,1,4.2,5.3,5.9,0.9,0.3,2.1,21.2,brogdma01
Jamal Murray,23,DEN,PG,48,48,35.5,7.9,16.5,0.477,2.7,6.6,0.408,5.2,9.9,0.523,2.8,3.2,0.869,0.8,3.3,4,4.8,1.3,0.3,2.3,21.2,murraja01
Christian Wood,25,HOU,C,41,41,32.3,8,15.6,0.514,1.9,5,0.374,6.1,10.6,0.581,3,4.8,0.631,1.9,7.8,9.6,1.7,0.8,1.2,2,21,woodch01
John Wall,30,HOU,PG,40,40,32.2,7.3,18.2,0.404,2,6.2,0.317,5.4,11.9,0.449,4,5.3,0.749,0.4,2.8,3.2,6.9,1.1,0.8,3.5,20.6,walljo01
Khris Middleton,29,MIL,SF,68,68,33.4,7.5,15.8,0.476,2.2,5.4,0.414,5.3,10.4,0.508,3.1,3.5,0.898,0.8,5.2,6,5.4,1.1,0.1,2.6,20.4,middlkh01
Terry Rozier,26,CHO,SG,69,69,34.5,7.4,16.4,0.45,3.2,8.3,0.389,4.2,8.2,0.512,2.4,2.9,0.817,0.7,3.7,4.4,4.2,1.3,0.4,1.9,20.4,roziete01
Domantas Sabonis,24,IND,PF,62,62,36,7.8,14.6,0.535,0.8,2.6,0.321,7,12,0.582,3.9,5.3,0.732,2.4,9.5,12,6.7,1.2,0.5,3.4,20.3,sabondo01
Caris LeVert,26,2TM,SG,47,39,31.6,7.6,17.3,0.441,1.8,5.5,0.326,5.9,11.8,0.495,3.1,3.8,0.811,0.7,3.9,4.6,5.2,1.4,0.6,2.2,20.2,leverca01
Caris LeVert,26,BRK,SG,12,4,27.8,7.3,16.7,0.435,1.8,5.3,0.349,5.4,11.4,0.474,2.2,2.8,0.765,0.8,3.5,4.3,6,1.1,0.5,2.2,18.5,leverca01
Caris LeVert,26,IND,SG,35,35,32.9,7.8,17.5,0.443,1.8,5.6,0.318,6,12,0.501,3.4,4.2,0.822,0.7,4,4.6,4.9,1.5,0.7,2.2,20.7,leverca01
Kristaps Porziņģis,25,DAL,C,43,43,30.9,7.6,15.9,0.476,2.3,6,0.376,5.3,9.9,0.536,2.7,3.2,0.855,1.9,7,8.9,1.6,0.5,1.3,1.2,20.1,porzikr01
Victor Oladipo,28,3TM,SG,33,33,32.7,7.1,17.5,0.408,2.4,7.2,0.326,4.8,10.2,0.466,3.2,4.2,0.754,0.4,4.5,4.8,4.6,1.4,0.4,2.5,19.8,oladivi01
Victor Oladipo,28,IND,SG,9,9,33.3,7.1,16.9,0.421,2.8,7.7,0.362,4.3,9.2,0.47,3,4.1,0.73,0.1,5.6,5.7,4.2,1.7,0.2,2,20,oladivi01
Victor Oladipo,28,HOU,SG,20,20,33.5,7.8,19.1,0.407,2.5,7.7,0.32,5.3,11.4,0.465,3.3,4.2,0.783,0.4,4.4,4.8,5,1.2,0.5,2.6,21.2,oladivi01
Victor Oladipo,28,MIA,SG,4,4,27.8,4,10.8,0.372,1,4.3,0.235,3,6.5,0.462,3,4.5,0.667,0.8,2.8,3.5,3.5,1.8,0.5,3.5,12,oladivi01
Malik Beasley,24,MIN,SG,37,36,32.8,7.1,16.2,0.44,3.5,8.7,0.399,3.7,7.5,0.487,1.8,2.2,0.85,0.8,3.6,4.4,2.4,0.8,0.2,1.6,19.6,beaslma01
Gordon Hayward,30,CHO,SF,44,44,34,7.1,15,0.473,1.9,4.7,0.415,5.1,10.3,0.499,3.5,4.2,0.843,0.8,5,5.9,4.1,1.2,0.3,2.1,19.6,haywago01
Fred VanVleet,26,TOR,SG,52,52,36.5,6.5,16.7,0.389,3.3,9.2,0.366,3.2,7.6,0.416,3.3,3.7,0.885,0.6,3.6,4.2,6.3,1.7,0.7,1.8,19.6,vanvlfr01
Tobias Harris,28,PHI,PF,62,62,32.5,7.6,14.9,0.512,1.3,3.4,0.394,6.3,11.5,0.546,2.9,3.3,0.892,1,5.8,6.8,3.5,0.9,0.8,1.7,19.5,harrito02
Anthony Edwards,19,MIN,SG,72,55,32.1,7,16.8,0.417,2.4,7.2,0.329,4.6,9.6,0.483,2.9,3.8,0.776,0.8,3.8,4.7,2.9,1.1,0.5,2.2,19.3,edwaran01
Kemba Walker,30,BOS,PG,43,43,31.8,6.6,15.7,0.42,3,8.2,0.36,3.7,7.5,0.486,3.1,3.5,0.899,0.4,3.6,4,4.9,1.1,0.3,2,19.3,walkeke02
Ja Morant,21,MEM,PG,63,63,32.6,6.8,15.2,0.449,1.2,3.8,0.303,5.7,11.4,0.499,4.3,5.9,0.728,0.9,3.1,4,7.4,0.9,0.2,3.2,19.1,moranja01
Michael Porter Jr.,22,DEN,SF,61,54,31.3,7.3,13.4,0.542,2.8,6.3,0.445,4.5,7.1,0.628,1.7,2.2,0.791,1.5,5.8,7.3,1.1,0.7,0.9,1.3,19,portemi01
D'Angelo Russell,24,MIN,PG,42,26,28.5,6.7,15.5,0.431,2.9,7.4,0.387,3.8,8.1,0.471,2.7,3.5,0.765,0.4,2.3,2.6,5.8,1.1,0.4,2.7,19,russeda01
Bam Adebayo,23,MIA,C,64,64,33.5,7.1,12.5,0.57,0,0.1,0.25,7.1,12.4,0.573,4.4,5.5,0.799,2.2,6.7,9,5.4,1.2,1,2.6,18.7,adebaba01
Norman Powell,27,2TM,SF,69,58,32,6.3,13.3,0.477,2.5,6,0.411,3.9,7.3,0.532,3.4,3.9,0.871,0.6,2.5,3.1,1.9,1.2,0.3,1.7,18.6,powelno01
Norman Powell,27,TOR,SG,42,31,30.4,6.7,13.5,0.498,2.8,6.4,0.439,3.9,7.1,0.552,3.4,3.9,0.865,0.5,2.5,3,1.8,1.1,0.2,1.8,19.6,powelno01
Norman Powell,27,POR,SF,27,27,34.4,5.8,13,0.443,2,5.4,0.361,3.8,7.6,0.502,3.5,4,0.88,0.9,2.4,3.3,1.9,1.3,0.4,1.6,17,powelno01
Andrew Wiggins,25,GSW,PF,71,71,33.3,7.1,14.9,0.477,2,5.2,0.38,5.1,9.7,0.529,2.4,3.4,0.714,1.2,3.7,4.9,2.4,0.9,1,1.8,18.6,wiggian01
Jordan Clarkson,28,UTA,SG,68,1,26.7,6.7,15.8,0.425,3.1,8.8,0.347,3.7,7,0.523,1.9,2.1,0.896,0.7,3.3,4,2.5,0.9,0.1,1.7,18.4,clarkjo01
Eric Gordon,32,HOU,SG,27,13,29.2,5.9,13.6,0.433,2.6,7.8,0.329,3.3,5.8,0.573,3.5,4.2,0.825,0.3,1.9,2.1,2.6,0.5,0.5,1.9,17.8,gordoer01
Jrue Holiday,30,MIL,PG,59,56,32.3,7,13.9,0.503,1.9,4.8,0.392,5.1,9.2,0.561,1.8,2.3,0.787,1.2,3.3,4.5,6.1,1.6,0.6,2.2,17.7,holidjr01
RJ Barrett,20,NYK,SG,72,72,34.9,6.5,14.7,0.441,1.7,4.3,0.401,4.8,10.4,0.457,2.9,3.8,0.746,0.9,4.8,5.8,3,0.7,0.3,1.9,17.6,barrerj01
John Collins,23,ATL,PF,63,63,29.3,6.8,12.2,0.556,1.3,3.3,0.399,5.5,8.9,0.615,2.7,3.2,0.833,1.9,5.5,7.4,1.2,0.5,1,1.3,17.6,collijo01
Darius Garland,21,CLE,PG,54,50,33.1,6.7,14.9,0.451,1.9,4.9,0.395,4.8,9.9,0.479,2.1,2.4,0.848,0.4,2,2.4,6.1,1.2,0.1,3,17.4,garlada01
Dillon Brooks,25,MEM,SF,67,67,29.8,6.4,15.4,0.419,1.9,5.6,0.344,4.5,9.8,0.461,2.4,2.9,0.815,0.8,2.1,2.9,2.3,1.2,0.4,1.8,17.2,brookdi01
Kyle Lowry,34,TOR,PG,46,46,34.8,5.7,13,0.436,2.8,7.2,0.396,2.8,5.8,0.487,3,3.5,0.875,0.8,4.6,5.4,7.3,1,0.3,2.7,17.2,lowryky01
Evan Fournier,28,2TM,SF,42,36,30,5.9,12.9,0.457,2.8,6.7,0.413,3.1,6.1,0.504,2.6,3.3,0.788,0.2,2.8,3,3.4,1.1,0.5,1.7,17.1,fournev01
Evan Fournier,28,ORL,SF,26,26,30.3,6.5,14.2,0.461,2.8,7.2,0.388,3.7,7,0.536,3.8,4.7,0.797,0.2,2.7,2.9,3.7,1,0.3,2.1,19.7,fournev01
Evan Fournier,28,BOS,SF,16,10,29.5,4.8,10.8,0.448,2.8,5.9,0.463,2.1,4.8,0.429,0.6,0.9,0.714,0.3,3,3.3,3.1,1.3,0.6,1.2,13,fournev01
Jonas Valančiūnas,28,MEM,C,62,61,28.3,7.1,12,0.592,0.3,0.9,0.368,6.8,11.1,0.611,2.5,3.3,0.773,4.1,8.4,12.5,1.8,0.6,0.9,1.6,17.1,valanjo01
Bojan Bogdanović,31,UTA,SF,72,72,30.8,5.6,12.8,0.439,2.5,6.4,0.39,3.1,6.4,0.487,3.2,3.7,0.879,0.6,3.3,3.9,1.9,0.6,0.1,1.8,17,bogdabo02
Tim Hardaway Jr.,28,DAL,SG,70,31,28.4,5.8,13,0.447,3,7.6,0.391,2.9,5.5,0.524,2,2.5,0.816,0.3,3,3.3,1.8,0.4,0.2,0.9,16.6,hardati02
Buddy Hield,28,SAC,SG,71,71,34.3,5.7,14,0.406,4,10.2,0.391,1.7,3.8,0.446,1.2,1.5,0.846,0.4,4.3,4.7,3.6,0.9,0.4,1.8,16.6,hieldbu01
Kevin Porter Jr.,20,HOU,SG,26,23,32.1,6,14.1,0.425,1.9,6.2,0.311,4.1,7.9,0.515,2.7,3.6,0.734,0.8,3,3.8,6.3,0.7,0.3,3.5,16.6,porteke02
Bogdan Bogdanović,28,ATL,SG,44,27,29.7,6.1,12.8,0.473,3.3,7.6,0.438,2.8,5.3,0.522,0.9,1,0.909,0.5,3.2,3.6,3.3,1.1,0.3,1.2,16.4,bogdabo01
Chris Paul,35,PHO,PG,70,70,31.4,6.3,12.6,0.499,1.5,3.7,0.395,4.8,8.9,0.543,2.4,2.6,0.934,0.4,4.1,4.5,8.9,1.4,0.3,2.2,16.4,paulch01
Khyri Thomas,24,HOU,SG,5,2,30.6,6.4,13.2,0.485,1.8,5.4,0.333,4.6,7.8,0.59,1.8,1.8,1,1.4,2.2,3.6,5,1.8,1.2,1.2,16.4,thomakh01
Mike Conley,33,UTA,PG,51,51,29.4,5.6,12.5,0.444,2.7,6.6,0.412,2.9,6,0.479,2.4,2.8,0.852,0.7,2.8,3.5,6,1.4,0.2,1.9,16.2,conlemi01
Harrison Barnes,28,SAC,PF,58,58,36.2,5.5,11.1,0.497,1.7,4.4,0.391,3.8,6.7,0.567,3.4,4.1,0.83,1.1,5.5,6.6,3.5,0.7,0.2,1.6,16.1,barneha02
Elijah Bryant,25,MIL,SG,1,0,32,6,13,0.462,1,5,0.2,5,8,0.625,3,3,1,2,4,6,3,0,1,4,16,bryanel01
OG Anunoby,23,TOR,SF,43,43,33.3,5.8,12.1,0.48,2.4,6.1,0.398,3.4,6,0.562,1.9,2.4,0.784,1.3,4.3,5.5,2.2,1.5,0.7,1.7,15.9,anunoog01
LaMelo Ball,19,CHO,PG,51,31,28.8,5.7,13.2,0.436,1.8,5.1,0.352,3.9,8.1,0.489,2.5,3.2,0.758,1.2,4.7,5.9,6.1,1.6,0.4,2.8,15.7,ballla01
Dejounte Murray,24,SAS,PG,67,67,31.9,6.6,14.5,0.453,0.9,3,0.317,5.6,11.6,0.488,1.6,2,0.791,0.9,6.2,7.1,5.4,1.5,0.1,1.7,15.7,murrade01
Terrence Ross,29,ORL,SG,46,2,29.3,5.5,13.4,0.412,1.9,5.7,0.337,3.6,7.7,0.469,2.6,3,0.87,0.3,3.1,3.4,2.3,1,0.5,1.6,15.6,rosste01
T.J. Warren,27,IND,SF,4,4,29.3,6.8,12.8,0.529,0,1.8,0,6.8,11,0.614,2,2.5,0.8,0.5,3,3.5,1.3,0.5,0,1,15.5,warretj01
Kelly Oubre Jr.,25,GSW,SF,55,50,30.7,5.8,13.2,0.439,1.6,5.2,0.316,4.1,8,0.519,2.2,3.2,0.695,1.5,4.5,6,1.3,1,0.8,1.3,15.4,oubreke01
Dennis Schröder,27,LAL,SG,61,61,32.1,5.4,12.5,0.437,1.2,3.5,0.335,4.3,9,0.476,3.4,4,0.848,0.5,3,3.5,5.8,1.1,0.2,2.7,15.4,schrode01
Derrick White,26,SAS,SG,36,32,29.6,5.2,12.6,0.411,2.3,6.8,0.346,2.8,5.8,0.486,2.7,3.2,0.851,0.4,2.6,3,3.5,0.7,1,1.3,15.4,whitede01
Gary Trent Jr.,22,2TM,SG,58,38,31.1,5.5,13.5,0.408,2.8,7.4,0.385,2.7,6.1,0.435,1.4,1.8,0.783,0.5,2.2,2.6,1.4,1,0.2,0.7,15.3,trentga02
Gary Trent Jr.,22,POR,SG,41,23,30.8,5.3,12.8,0.414,3,7.4,0.397,2.3,5.3,0.438,1.4,1.8,0.773,0.5,1.7,2.2,1.4,0.9,0.1,0.8,15,trentga02
Gary Trent Jr.,22,TOR,SG,17,15,31.8,6.1,15.4,0.395,2.6,7.3,0.355,3.5,8.1,0.431,1.5,1.8,0.806,0.4,3.2,3.6,1.3,1.1,0.2,0.7,16.2,trentga02
Clint Capela,26,ATL,C,63,63,30.1,6.6,11,0.594,0,0,,6.6,11,0.594,2.1,3.6,0.573,4.7,9.6,14.3,0.8,0.7,2,1.2,15.2,capelca01
Tyler Herro,21,MIA,SG,54,15,30.3,5.7,12.9,0.439,2,5.5,0.36,3.7,7.4,0.498,1.7,2.2,0.803,0.5,4.5,5,3.4,0.6,0.3,1.9,15.1,herroty01
Coby White,20,CHI,PG,69,54,31.2,5.4,13.1,0.416,2.4,6.6,0.359,3.1,6.5,0.473,1.9,2.1,0.901,0.4,3.7,4.1,4.8,0.6,0.2,2.3,15.1,whiteco01
De'Andre Hunter,23,ATL,SF,23,19,29.5,5.2,10.8,0.484,1.3,4.1,0.326,3.9,6.7,0.582,3.2,3.7,0.859,0.7,4,4.8,1.9,0.8,0.5,1.3,15,huntede01
Andre Drummond,27,2TM,C,46,46,27,6.1,12.4,0.493,0,0.2,0,6.1,12.3,0.5,2.7,4.5,0.6,3.6,8.4,12,2,1.4,1.1,2.7,14.9,drumman01
Andre Drummond,27,CLE,C,25,25,28.9,7.2,15.2,0.474,0,0.3,0,7.2,14.9,0.484,3.1,5.2,0.597,4,9.4,13.5,2.6,1.6,1.2,3.2,17.5,drumman01
Andre Drummond,27,LAL,C,21,21,24.8,4.9,9.1,0.531,0,0,,4.9,9.1,0.531,2.2,3.6,0.605,3.1,7.1,10.2,1.4,1.1,1,2,11.9,drumman01
Devonte' Graham,25,CHO,PG,55,44,30.2,4.6,12.2,0.377,3.3,8.7,0.375,1.3,3.5,0.38,2.4,2.9,0.842,0.4,2.3,2.7,5.4,0.9,0.1,1.5,14.8,grahade01
Derrick Rose,32,2TM,PG,50,3,25.6,5.7,12.2,0.47,1,2.6,0.388,4.7,9.6,0.492,2.2,2.5,0.866,0.4,2.2,2.6,4.2,1,0.4,1.6,14.7,rosede01
Derrick Rose,32,DET,PG,15,0,22.8,5.3,12.3,0.429,0.9,2.6,0.333,4.4,9.7,0.455,2.8,3.3,0.84,0.4,1.5,1.9,4.2,1.2,0.3,1.9,14.2,rosede01
Derrick Rose,32,NYK,PG,35,3,26.8,5.9,12.2,0.487,1.1,2.6,0.411,4.9,9.6,0.507,1.9,2.2,0.883,0.4,2.5,2.9,4.2,0.9,0.4,1.4,14.9,rosede01
Lonzo Ball,23,NOP,PG,55,55,31.8,5.3,12.7,0.414,3.1,8.3,0.378,2.1,4.5,0.482,0.9,1.2,0.781,0.6,4.2,4.8,5.7,1.5,0.6,2.2,14.6,balllo01
Kendrick Nunn,25,MIA,PG,56,44,29.5,5.7,11.8,0.485,2.2,5.7,0.381,3.5,6,0.583,1,1.1,0.933,0.4,2.8,3.2,2.6,0.9,0.3,1.4,14.6,nunnke01
Deandre Ayton,22,PHO,C,69,69,30.7,6.2,10,0.626,0.1,0.3,0.2,6.2,9.7,0.639,1.9,2.5,0.769,3.3,7.2,10.5,1.4,0.6,1.2,1.5,14.4,aytonde01
Jaren Jackson Jr.,21,MEM,C,11,4,23.5,4.8,11.4,0.424,1.5,5.5,0.283,3.3,5.9,0.554,3.2,3.8,0.833,1.5,4.1,5.6,1.1,1.1,1.6,1.4,14.4,jacksja02
Thomas Bryant,23,WAS,C,10,10,27.1,5.9,9.1,0.648,0.9,2.1,0.429,5,7,0.714,1.6,2.4,0.667,1.8,4.3,6.1,1.5,0.4,0.8,1.1,14.3,bryanth01
Rudy Gobert,28,UTA,C,71,71,30.8,5.5,8.2,0.675,0,0.1,0,5.5,8.1,0.68,3.3,5.3,0.623,3.4,10.1,13.5,1.3,0.6,2.7,1.7,14.3,goberru01
Ben Simmons,24,PHI,PG,58,58,32.4,5.6,10.1,0.557,0.1,0.2,0.3,5.6,9.9,0.562,3,4.9,0.613,1.6,5.6,7.2,6.9,1.6,0.6,3,14.3,simmobe01
Richaun Holmes,27,SAC,C,61,61,29.2,6,9.4,0.637,0,0.2,0.182,6,9.2,0.645,2.2,2.8,0.794,2.4,5.9,8.3,1.7,0.6,1.6,1.2,14.2,holmeri01
Al Horford,34,OKC,C,28,28,27.9,5.8,12.9,0.45,2,5.4,0.368,3.8,7.4,0.51,0.6,0.8,0.818,1,5.7,6.7,3.4,0.9,0.9,1,14.2,horfoal01
Marvin Bagley III,21,SAC,PF,43,42,25.9,5.7,11.4,0.504,0.9,2.5,0.343,4.9,8.9,0.55,1.8,3.1,0.575,2.5,4.9,7.4,1,0.5,0.5,1.4,14.1,baglema01
Joe Harris,29,BRK,SF,69,65,31,5.2,10.2,0.505,3.1,6.4,0.475,2.1,3.8,0.555,0.7,0.9,0.778,0.6,3,3.6,1.9,0.7,0.2,0.9,14.1,harrijo01
Luguentz Dort,21,OKC,SG,52,52,29.7,4.8,12.3,0.387,2.2,6.3,0.343,2.6,6,0.432,2.3,3.2,0.744,0.7,2.9,3.6,1.7,0.9,0.4,1.5,14,dortlu01
Rui Hachimura,22,WAS,PF,57,57,31.5,5.4,11.4,0.478,0.8,2.4,0.328,4.6,9,0.519,2.2,2.8,0.77,0.9,4.6,5.5,1.4,0.8,0.1,1.2,13.8,hachiru01
Darius Bazley,20,OKC,PF,55,55,31.2,5,12.5,0.396,1.5,5.2,0.29,3.5,7.3,0.47,2.3,3.2,0.702,0.9,6.3,7.2,1.8,0.5,0.5,2.2,13.7,bazleda01
Chris Boucher,28,TOR,C,60,14,24.2,4.8,9.3,0.514,1.5,3.9,0.383,3.3,5.4,0.609,2.5,3.2,0.788,2,4.8,6.7,1.1,0.6,1.9,0.8,13.6,bouchch01
Lauri Markkanen,23,CHI,PF,51,26,25.8,4.9,10.2,0.48,2.3,5.8,0.402,2.6,4.4,0.582,1.5,1.8,0.826,0.7,4.6,5.3,0.9,0.5,0.3,1,13.6,markkla01
Doug McDermott,29,IND,PF,66,29,24.5,5.4,10.1,0.532,1.7,4.3,0.388,3.7,5.7,0.641,1.2,1.5,0.816,0.9,2.4,3.3,1.3,0.3,0.1,0.8,13.6,mcderdo01
Kelly Olynyk,29,2TM,PF,70,62,28.5,4.8,10,0.484,1.8,5.3,0.342,3,4.7,0.641,2.1,2.5,0.829,1.2,5.7,7,2.9,1.1,0.6,1.8,13.5,olynyke01
Kelly Olynyk,29,MIA,C,43,38,26.9,3.8,8.7,0.431,1.8,5.7,0.317,2,3.1,0.639,0.7,0.9,0.775,1,5,6.1,2.1,0.9,0.6,1.3,10,olynyke01
Kelly Olynyk,29,HOU,PF,27,24,31.1,6.5,11.9,0.545,1.8,4.6,0.392,4.7,7.3,0.643,4.2,5,0.844,1.6,6.9,8.4,4.1,1.4,0.6,2.6,19,olynyke01
LaMarcus Aldridge,35,2TM,C,26,23,25.9,5.4,11.4,0.473,1.2,3.1,0.388,4.2,8.3,0.505,1.6,1.8,0.872,0.7,3.8,4.5,1.9,0.4,1.1,1,13.5,aldrila01
LaMarcus Aldridge,35,SAS,C,21,18,25.9,5.5,11.8,0.464,1.3,3.6,0.36,4.2,8.2,0.509,1.5,1.8,0.838,0.8,3.7,4.5,1.7,0.4,0.9,1,13.7,aldrila01
LaMarcus Aldridge,35,BRK,C,5,5,26,5,9.6,0.521,0.8,1,0.8,4.2,8.6,0.488,2,2,1,0.4,4.4,4.8,2.6,0.6,2.2,1.4,12.8,aldrila01
Mikal Bridges,24,PHO,SF,72,72,32.6,5,9.3,0.543,1.9,4.4,0.425,3.2,4.9,0.647,1.5,1.8,0.84,1.1,3.2,4.3,2.1,1.1,0.9,0.8,13.5,bridgmi01
Montrezl Harrell,27,LAL,C,69,1,22.9,5.4,8.7,0.622,0,0.1,0,5.4,8.6,0.632,2.6,3.7,0.707,2.3,3.9,6.2,1.1,0.7,0.7,1.1,13.5,harremo01
Carmelo Anthony,36,POR,PF,69,3,24.5,4.7,11.3,0.421,1.9,4.7,0.409,2.8,6.6,0.429,2,2.2,0.89,0.5,2.6,3.1,1.5,0.7,0.6,0.9,13.4,anthoca01
Goran Dragić,34,MIA,PG,50,11,26.7,4.8,11.1,0.432,1.8,4.9,0.373,3,6.2,0.479,2,2.4,0.828,0.5,2.9,3.4,4.4,0.7,0.2,2.4,13.4,dragigo01
Josh Jackson,23,DET,SG,62,25,25.2,4.8,11.4,0.419,1.2,4.1,0.3,3.5,7.3,0.487,2.6,3.5,0.729,0.9,3.2,4.1,2.3,0.9,0.8,2.3,13.4,jacksjo02
Marcus Morris,31,LAC,PF,57,29,26.4,4.8,10.2,0.473,2.5,5.2,0.473,2.4,5.1,0.472,1.3,1.6,0.82,0.6,3.5,4.1,1,0.6,0.3,1,13.4,morrima03
Danilo Gallinari,32,ATL,PF,51,4,24,4,9.3,0.434,2,5,0.406,2,4.3,0.466,3.2,3.4,0.925,0.3,3.8,4.1,1.5,0.6,0.2,0.8,13.3,gallida01
Duncan Robinson,26,MIA,SF,72,72,31.4,4.4,10,0.439,3.5,8.5,0.408,0.9,1.4,0.625,0.9,1,0.827,0.1,3.4,3.5,1.8,0.6,0.3,1.1,13.1,robindu01
Marcus Smart,26,BOS,PG,48,45,32.9,4.2,10.6,0.398,1.9,5.9,0.33,2.3,4.8,0.482,2.7,3.4,0.79,0.8,2.7,3.5,5.7,1.5,0.5,2,13.1,smartma01
Tyrese Haliburton,20,SAC,PG,58,20,30.1,5,10.7,0.472,2.1,5.1,0.409,2.9,5.6,0.529,0.8,1,0.857,0.7,2.3,3,5.3,1.3,0.5,1.6,13,halibty01
Shake Milton,24,PHI,SG,63,4,23.2,4.8,10.6,0.45,1.1,3.2,0.35,3.6,7.4,0.494,2.3,2.8,0.83,0.5,1.8,2.3,3.1,0.6,0.3,1.6,13,miltosh01
Cole Anthony,20,ORL,PG,47,34,27.1,4.7,11.7,0.397,1.2,3.7,0.337,3.4,8.1,0.424,2.3,2.8,0.832,0.8,3.9,4.7,4.1,0.6,0.4,2.3,12.9,anthoco01
Markelle Fultz,22,ORL,PG,8,8,26.9,5.1,13,0.394,0.5,2,0.25,4.6,11,0.42,2.1,2.4,0.895,0.6,2.5,3.1,5.4,1,0.3,2.3,12.9,fultzma01
Kyle Kuzma,25,LAL,SF,68,32,28.7,4.9,11.1,0.443,2,5.6,0.361,2.9,5.5,0.525,1,1.4,0.691,1.6,4.5,6.1,1.9,0.5,0.6,1.7,12.9,kuzmaky01
P.J. Washington,22,CHO,PF,64,61,30.5,4.7,10.7,0.44,1.8,4.5,0.386,3,6.2,0.48,1.7,2.3,0.745,1.5,5.1,6.5,2.5,1.1,1.2,2,12.9,washipj01
Jarrett Allen,22,2TM,C,63,45,29.6,4.7,7.7,0.618,0.1,0.3,0.316,4.6,7.3,0.631,3.2,4.6,0.703,3.1,6.9,10,1.7,0.5,1.4,1.6,12.8,allenja01
Jarrett Allen,22,BRK,C,12,5,26.7,3.7,5.4,0.677,0,0,,3.7,5.4,0.677,3.8,5.1,0.754,3.2,7.3,10.4,1.7,0.6,1.6,1.8,11.2,allenja01
Jarrett Allen,22,CLE,C,51,40,30.3,5,8.2,0.609,0.1,0.4,0.316,4.9,7.8,0.623,3.1,4.5,0.69,3.1,6.8,9.9,1.7,0.5,1.4,1.5,13.2,allenja01
Keldon Johnson,21,SAS,SF,69,67,28.5,4.9,10.2,0.479,0.9,2.6,0.331,4,7.6,0.531,2.1,2.8,0.74,1.3,4.6,6,1.8,0.6,0.3,1.1,12.8,johnske04
Will Barton,30,DEN,SF,56,52,31,4.6,10.9,0.426,1.8,4.6,0.381,2.9,6.3,0.459,1.7,2.2,0.785,0.7,3.3,4,3.2,0.9,0.4,1.7,12.7,bartowi01
Miles Bridges,22,CHO,PF,66,19,29.3,4.7,9.4,0.503,1.8,4.4,0.4,3,5,0.593,1.5,1.7,0.867,1.2,4.8,6,2.2,0.7,0.8,1.6,12.7,bridgmi02
Alec Burks,29,NYK,SG,49,5,25.6,4.3,10.2,0.42,2.1,5,0.415,2.2,5.2,0.425,2.1,2.4,0.856,0.4,4.2,4.6,2.2,0.6,0.3,1,12.7,burksal01
Jalen Brunson,24,DAL,PG,68,12,25,4.8,9.2,0.523,1.2,2.9,0.405,3.6,6.3,0.578,1.8,2.2,0.795,0.4,3,3.4,3.5,0.5,0,1.2,12.6,brunsja01
Myles Turner,24,IND,C,47,47,31,4.4,9.2,0.477,1.5,4.4,0.335,2.9,4.8,0.606,2.4,3,0.782,1.3,5.2,6.5,1,0.9,3.4,1.4,12.6,turnemy01
Seth Curry,30,PHI,SG,57,57,28.7,4.5,9.7,0.467,2.2,4.9,0.45,2.3,4.8,0.485,1.2,1.4,0.896,0.2,2.2,2.4,2.7,0.8,0.1,1.1,12.5,curryse01
Aaron Gordon,25,2TM,PF,50,50,27.7,4.6,10,0.463,1.2,3.5,0.335,3.4,6.5,0.533,1.9,3,0.651,1.5,4.1,5.7,3.2,0.7,0.7,1.9,12.4,gordoaa01
Aaron Gordon,25,ORL,PF,25,25,29.4,5.1,11.7,0.437,1.7,4.5,0.375,3.4,7.2,0.475,2.6,4.2,0.629,1.6,5.1,6.6,4.2,0.6,0.8,2.7,14.6,gordoaa01
Aaron Gordon,25,DEN,PF,25,25,25.9,4.1,8.2,0.5,0.7,2.6,0.266,3.4,5.7,0.606,1.2,1.8,0.705,1.5,3.2,4.7,2.2,0.7,0.6,1.2,10.2,gordoaa01
Kyle Anderson,27,MEM,PF,69,69,27.3,4.5,9.5,0.468,1.4,3.8,0.36,3.1,5.8,0.539,2.1,2.7,0.783,0.8,5,5.7,3.6,1.2,0.8,1.2,12.4,anderky01
Brook Lopez,32,MIL,C,70,70,27.2,4.6,9.1,0.503,1.4,4,0.338,3.2,5.1,0.632,1.7,2,0.845,1.5,3.5,5,0.7,0.6,1.5,0.9,12.3,lopezbr01
Saddiq Bey,21,DET,SF,70,53,27.3,4,9.9,0.404,2.5,6.6,0.38,1.5,3.3,0.45,1.8,2.1,0.844,0.6,3.9,4.5,1.4,0.7,0.2,0.9,12.2,beysa01
Eric Bledsoe,31,NOP,SG,71,70,29.7,4.3,10.3,0.421,1.7,5,0.341,2.6,5.3,0.496,1.9,2.7,0.687,0.4,3,3.4,3.8,0.8,0.3,1.6,12.2,bledser01
Kevin Love,32,CLE,PF,25,25,24.9,4.1,10.1,0.409,2.3,6.2,0.365,1.8,3.8,0.479,1.7,2,0.824,0.7,6.8,7.4,2.5,0.6,0.1,1.5,12.2,loveke01
Joe Ingles,33,UTA,SF,67,30,27.9,4.1,8.4,0.489,2.7,6.1,0.451,1.4,2.3,0.59,1.1,1.3,0.844,0.4,3.2,3.6,4.7,0.7,0.2,1.7,12.1,inglejo01
Josh Richardson,27,DAL,SG,59,56,30.3,4.5,10.5,0.427,1.5,4.5,0.33,3,5.9,0.501,1.7,1.8,0.917,0.9,2.4,3.3,2.6,1,0.4,1.3,12.1,richajo01
Thaddeus Young,32,CHI,PF,68,23,24.3,5.4,9.7,0.559,0.2,0.7,0.267,5.3,9.1,0.58,1,1.7,0.628,2.5,3.8,6.2,4.3,1.1,0.6,2,12.1,youngth01
Jordan Poole,21,GSW,SG,51,7,19.4,4,9.3,0.432,1.9,5.4,0.351,2.1,3.9,0.545,2.1,2.3,0.882,0.3,1.5,1.8,1.9,0.5,0.2,1,12,poolejo01
Kevin Huerter,22,ATL,SG,69,49,30.8,4.6,10.6,0.432,2,5.6,0.363,2.6,5,0.51,0.7,0.9,0.781,0.6,2.8,3.3,3.5,1.2,0.3,1.1,11.9,huertke01
Malik Monk,22,CHO,SG,42,0,20.9,4.1,9.5,0.434,2,5,0.401,2.1,4.5,0.471,1.4,1.7,0.819,0.3,2.1,2.4,2.1,0.5,0.1,1.3,11.7,monkma01
Hamidou Diallo,22,2TM,SF,52,9,23.6,4.3,9,0.477,0.5,1.6,0.341,3.8,7.5,0.505,2.5,3.8,0.64,1.1,4.1,5.2,1.9,0.8,0.5,1.5,11.6,diallha01
Hamidou Diallo,22,OKC,SG,32,5,23.8,4.5,9.3,0.481,0.4,1.3,0.293,4.1,8,0.512,2.6,4.1,0.629,1.2,4,5.2,2.4,1,0.4,1.5,11.9,diallha01
Hamidou Diallo,22,DET,SF,20,4,23.3,4.1,8.7,0.468,0.8,2.1,0.39,3.3,6.6,0.492,2.3,3.4,0.662,1.1,4.3,5.4,1.2,0.5,0.6,1.4,11.2,diallha01
Dāvis Bertāns,28,WAS,PF,57,7,25.7,3.4,8.4,0.404,3,7.5,0.395,0.4,0.9,0.48,1.8,2,0.87,0.3,2.6,2.9,0.9,0.6,0.2,0.6,11.5,bertada01
Jusuf Nurkić,26,POR,C,37,37,23.8,4.6,9,0.514,0.3,0.8,0.4,4.3,8.2,0.525,1.9,3.1,0.619,2.3,6.6,9,3.4,1,1.1,2,11.5,nurkiju01
James Wiseman,19,GSW,C,39,27,21.4,4.9,9.4,0.519,0.3,1,0.316,4.6,8.5,0.542,1.4,2.2,0.628,1.4,4.4,5.8,0.7,0.3,0.9,1.5,11.5,wisemja01
Rudy Gay,34,SAS,PF,63,1,21.6,4.2,10,0.42,1.7,4.4,0.381,2.5,5.6,0.451,1.3,1.6,0.804,0.7,4.1,4.8,1.4,0.7,0.6,1,11.4,gayru01
Bobby Portis,25,MIL,C,66,7,20.8,4.7,9.1,0.523,1.1,2.4,0.471,3.6,6.7,0.542,0.8,1.1,0.74,1.9,5.2,7.1,1.1,0.8,0.4,0.8,11.4,portibo01
Immanuel Quickley,21,NYK,PG,64,3,19.4,3.6,9.1,0.395,1.8,4.7,0.389,1.7,4.3,0.401,2.4,2.7,0.891,0.4,1.8,2.1,2,0.5,0.2,0.9,11.4,quickim01
Lou Williams,34,2TM,PG,66,4,21.6,4,9.8,0.41,1,2.6,0.399,3,7.2,0.414,2.3,2.6,0.867,0.3,1.8,2.1,3.4,0.7,0.1,1.6,11.3,willilo02
Lou Williams,34,LAC,PG,42,3,21.9,4.3,10.2,0.421,1.1,2.8,0.378,3.2,7.4,0.437,2.5,2.8,0.866,0.4,1.7,2.1,3.4,0.9,0.1,1.6,12.1,willilo02
Lou Williams,34,ATL,PG,24,1,21,3.5,9,0.389,1,2.3,0.444,2.5,6.8,0.37,2,2.3,0.87,0.3,1.8,2.1,3.4,0.3,0.1,1.8,10,willilo02
Jae'Sean Tate,25,HOU,SF,70,58,29.2,4.5,8.9,0.506,0.9,2.8,0.308,3.7,6.1,0.595,1.5,2.1,0.694,1.9,3.5,5.3,2.5,1.2,0.5,1.4,11.3,tateja01
Wendell Carter Jr.,21,2TM,C,54,44,25.5,4.3,8.5,0.503,0.3,0.9,0.294,4,7.5,0.53,2.4,3.3,0.732,2.4,5.8,8.2,1.9,0.6,0.8,1.4,11.2,cartewe01
Wendell Carter Jr.,21,CHI,C,32,25,24.8,4,7.9,0.512,0.3,0.7,0.364,3.8,7.2,0.526,2.6,3.5,0.739,2.2,5.6,7.8,2.2,0.6,0.8,1.5,10.9,cartewe01
Wendell Carter Jr.,21,ORL,C,22,19,26.5,4.6,9.3,0.493,0.3,1.3,0.241,4.3,8,0.534,2.2,3.1,0.721,2.8,6,8.8,1.6,0.8,0.8,1.3,11.7,cartewe01
Armoni Brooks,22,HOU,SG,20,5,26,3.9,9.6,0.406,3,7.9,0.382,0.9,1.8,0.514,0.4,0.6,0.583,0.5,2.9,3.4,1.5,0.6,0.3,1.1,11.2,brookar01
Enes Freedom,28,POR,C,72,35,24.4,4.7,7.8,0.604,0,0.1,0.25,4.7,7.7,0.607,1.8,2.3,0.774,3.9,7.1,11,1.2,0.5,0.7,1.1,11.2,kanteen01
Cam Reddish,21,ATL,SF,26,21,28.8,3.7,10.1,0.365,1.3,4.8,0.262,2.4,5.3,0.46,2.6,3.2,0.817,0.8,3.2,4,1.3,1.3,0.3,1.3,11.2,reddica01
Naz Reid,21,MIN,C,70,15,19.2,4.3,8.3,0.523,0.9,2.5,0.351,3.5,5.8,0.597,1.6,2.4,0.693,1.2,3.4,4.6,1,0.5,1.1,1,11.2,reidna01
Lonnie Walker IV,22,SAS,SG,60,38,25.4,4.3,10.2,0.42,1.7,4.7,0.355,2.6,5.5,0.477,1,1.2,0.814,0.2,2.4,2.6,1.7,0.5,0.3,1.1,11.2,walkelo01
Serge Ibaka,31,LAC,C,41,39,23.3,4.5,8.9,0.51,1,2.8,0.339,3.6,6.1,0.588,1,1.3,0.811,1.8,4.9,6.7,1.8,0.2,1.1,1.1,11.1,ibakase01
Blake Griffin,31,2TM,PF,46,30,25.8,3.8,8.9,0.423,1.5,4.5,0.341,2.3,4.5,0.505,1.9,2.5,0.744,0.8,4.1,4.9,3,0.7,0.3,1.3,11,griffbl01
Blake Griffin,31,DET,PF,20,20,31.3,4.1,11.1,0.365,2,6.2,0.315,2.1,4.9,0.429,2.2,3.1,0.71,0.4,4.9,5.2,3.9,0.7,0.1,1.6,12.3,griffbl01
Blake Griffin,31,BRK,PF,26,10,21.5,3.6,7.3,0.492,1.2,3.1,0.383,2.4,4.2,0.574,1.7,2.1,0.782,1.1,3.6,4.7,2.4,0.7,0.5,1.2,10,griffbl01
Nickeil Alexander-Walker,22,NOP,SG,46,13,21.9,4.2,10,0.419,1.7,4.8,0.347,2.5,5.2,0.485,1,1.4,0.727,0.3,2.8,3.1,2.2,1,0.5,1.5,11,alexani01
Jeff Green,34,BRK,PF,68,38,27,3.8,7.8,0.492,1.5,3.7,0.412,2.3,4.1,0.564,1.8,2.4,0.776,0.5,3.4,3.9,1.6,0.5,0.4,0.8,11,greenje02
Dwayne Bacon,25,ORL,SG,72,50,25.7,4.1,10.1,0.402,0.8,2.9,0.285,3.2,7.2,0.449,2,2.4,0.824,0.4,2.7,3.1,1.3,0.6,0.1,0.6,10.9,bacondw01
Oshae Brissett,22,IND,SF,21,16,24.7,3.5,7.2,0.483,1.6,3.7,0.423,1.9,3.5,0.548,2.4,3.1,0.769,1.4,4.1,5.5,0.9,0.9,1,0.5,10.9,brissos01
Reggie Bullock,29,NYK,SF,65,64,30,3.8,8.6,0.442,2.5,6.1,0.41,1.3,2.5,0.521,0.8,0.8,0.909,0.2,3.2,3.4,1.5,0.8,0.2,0.7,10.9,bullore01
Patty Mills,32,SAS,PG,68,1,24.8,3.7,9,0.412,2.4,6.3,0.375,1.3,2.7,0.5,1,1.1,0.91,0.3,1.4,1.7,2.4,0.6,0,1,10.8,millspa02
Cameron Oliver,24,HOU,SF,4,0,21.8,4.8,8.3,0.576,1,3.3,0.308,3.8,5,0.75,0.3,1,0.25,1.3,4,5.3,1.3,0.5,1,0.8,10.8,oliveca01
Reggie Jackson,30,LAC,SG,67,43,23,3.9,8.7,0.45,1.8,4.2,0.433,2.1,4.5,0.465,1,1.2,0.817,0.4,2.5,2.9,3.1,0.6,0.1,1.1,10.7,jacksre01
Ty Jerome,23,OKC,SG,33,1,23.9,3.9,8.7,0.446,2.2,5.1,0.423,1.7,3.6,0.479,0.8,1,0.765,0.3,2.5,2.8,3.6,0.6,0.2,1.4,10.7,jeromty01
Grayson Allen,25,MEM,SG,50,38,25.2,3.5,8.3,0.418,2.1,5.5,0.391,1.3,2.8,0.471,1.6,1.8,0.868,0.4,2.8,3.2,2.2,0.9,0.2,1,10.6,allengr01
Justin Holiday,31,IND,SG,72,52,30.3,3.6,8.7,0.413,2.4,6.3,0.382,1.2,2.4,0.494,0.9,1.2,0.788,0.4,3.1,3.6,1.7,1,0.6,0.8,10.5,holidju01
Donte DiVincenzo,24,MIL,SG,66,66,27.5,3.8,9.1,0.42,2,5.2,0.379,1.8,3.9,0.475,0.8,1.1,0.718,1.2,4.5,5.8,3.1,1.1,0.2,1.4,10.4,divindo01
Cedi Osman,25,CLE,SF,59,26,25.6,3.7,9.9,0.374,1.7,5.5,0.306,2,4.4,0.458,1.3,1.6,0.8,0.6,2.8,3.4,2.9,0.9,0.2,1.4,10.4,osmande01
Mason Plumlee,30,DET,C,56,56,26.8,4.2,6.8,0.614,0,0.1,0,4.2,6.7,0.626,2,3,0.669,2.6,6.7,9.3,3.6,0.8,0.9,1.9,10.4,plumlma01
Brandon Clarke,24,MEM,PF,59,16,24,4.3,8.4,0.517,0.3,1.3,0.26,4,7.1,0.565,1.3,1.9,0.69,1.6,3.9,5.6,1.6,1,0.9,0.6,10.3,clarkbr01
Delon Wright,28,2TM,PG,63,39,27.7,3.8,8.2,0.463,1,2.7,0.372,2.8,5.5,0.509,1.6,2,0.802,1,3.2,4.3,4.4,1.6,0.5,1.3,10.2,wrighde01
Delon Wright,28,DET,PG,36,31,29.2,3.8,8.1,0.464,0.9,2.5,0.348,2.9,5.7,0.515,2,2.5,0.789,1,3.5,4.6,5,1.6,0.5,1.3,10.4,wrighde01
Delon Wright,28,SAC,PG,27,8,25.8,3.9,8.3,0.462,1.2,3.1,0.398,2.6,5.3,0.5,1.1,1.3,0.833,1,2.9,3.9,3.6,1.6,0.4,1.3,10,wrighde01
Monte Morris,25,DEN,PG,47,13,25.4,4,8.2,0.481,1.1,2.9,0.381,2.9,5.4,0.534,1.2,1.6,0.795,0.2,1.8,2,3.2,0.7,0.3,0.7,10.2,morrimo01
Jae Crowder,30,PHO,PF,60,42,27.5,3.3,8.2,0.404,2.5,6.3,0.389,0.9,1.9,0.455,1,1.3,0.76,0.5,4.2,4.7,2.1,0.8,0.5,0.9,10.1,crowdja01
Jeremy Lamb,28,IND,SG,36,8,21.3,3.3,7.7,0.435,1.4,3.6,0.406,1.9,4.1,0.459,2,2.1,0.947,0.7,2.9,3.6,1.5,0.9,0.6,0.6,10.1,lambje01
Théo Maledon,19,OKC,PG,65,49,27.4,3.5,9.4,0.368,1.6,4.8,0.335,1.9,4.6,0.402,1.6,2.1,0.748,0.4,2.9,3.2,3.5,0.9,0.2,2.2,10.1,maledth01
Elfrid Payton,26,NYK,PG,63,63,23.6,4.3,9.9,0.432,0.4,1.6,0.286,3.8,8.3,0.46,1.2,1.7,0.682,1,2.4,3.4,3.2,0.7,0.1,1.6,10.1,paytoel01
Bryn Forbes,27,MIL,SG,70,10,19.3,3.6,7.6,0.473,2.2,4.9,0.452,1.4,2.7,0.511,0.7,0.9,0.77,0.2,1.4,1.6,0.6,0.3,0,0.6,10,forbebr01
Gary Harris,26,2TM,SG,39,38,27.7,3.5,8.8,0.4,1.2,3.6,0.34,2.3,5.2,0.441,1.6,2,0.821,0.5,1.5,2,2,0.7,0.3,0.9,9.9,harriga01
Gary Harris,26,DEN,SG,19,19,30.6,3.6,8.2,0.442,1.3,3.9,0.32,2.4,4.3,0.556,1.2,1.6,0.733,0.7,1.8,2.5,1.7,0.9,0.2,0.7,9.7,harriga01
Gary Harris,26,ORL,SG,20,19,25,3.5,9.5,0.365,1.2,3.3,0.364,2.3,6.2,0.366,2.1,2.4,0.875,0.4,1.2,1.6,2.3,0.6,0.4,1.2,10.2,harriga01
Dorian Finney-Smith,27,DAL,PF,60,60,32,3.7,7.8,0.472,2,5,0.394,1.7,2.7,0.616,0.5,0.7,0.756,1.6,3.8,5.4,1.7,0.9,0.4,0.8,9.8,finnedo01
Frank Jackson,22,DET,PG,40,6,18.5,3.4,7.3,0.457,1.5,3.8,0.407,1.8,3.6,0.51,1.5,1.9,0.813,0.4,1.8,2.2,0.9,0.4,0,0.9,9.8,jacksfr01
Otto Porter Jr.,27,2TM,SF,28,6,21.6,3.5,8.1,0.432,1.4,3.7,0.375,2.1,4.4,0.48,1.3,1.5,0.857,1,4.4,5.4,2,0.6,0.1,0.9,9.7,porteot01
Otto Porter Jr.,27,CHI,SF,25,6,21.6,3.6,8.1,0.441,1.5,3.8,0.4,2,4.3,0.477,1.2,1.5,0.838,1.1,4.4,5.5,2,0.5,0.2,1,9.9,porteot01
Otto Porter Jr.,27,ORL,PF,3,0,22,3,8.3,0.36,0.3,3,0.111,2.7,5.3,0.5,1.7,1.7,1,0,4.7,4.7,1.7,1.3,0,0,8,porteot01
Kentavious Caldwell-Pope,27,LAL,SG,67,67,28.4,3.3,7.6,0.431,1.8,4.4,0.41,1.5,3.2,0.46,1.4,1.7,0.866,0.4,2.3,2.7,1.9,0.9,0.4,1,9.7,caldwke01
Mike Muscala,29,OKC,C,35,0,18.4,3.4,7.6,0.446,1.9,5.3,0.37,1.5,2.4,0.614,0.9,1,0.917,0.5,3.2,3.8,0.8,0.2,0.3,0.6,9.7,muscami01
Daniel Theis,28,2TM,C,65,51,24.6,3.9,7.2,0.541,0.8,2.3,0.322,3.1,4.8,0.646,1.1,1.7,0.673,1.4,4,5.5,1.7,0.6,0.9,1,9.6,theisda01
Daniel Theis,28,BOS,C,42,37,24.5,3.8,6.9,0.552,0.8,2.3,0.347,3,4.6,0.653,1.1,1.6,0.687,1.3,4,5.2,1.6,0.6,1,1,9.5,theisda01
Daniel Theis,28,CHI,C,23,14,25,4,7.7,0.522,0.7,2.5,0.281,3.3,5.3,0.636,1.2,1.9,0.651,1.7,4.2,5.9,1.8,0.7,0.6,1.1,10,theisda01
Wayne Ellington,33,DET,SG,46,31,22,3.2,7.3,0.441,2.5,6,0.422,0.7,1.4,0.524,0.6,0.8,0.8,0.3,1.6,1.8,1.5,0.4,0.2,0.7,9.6,ellinwa01
Cameron Johnson,24,PHO,PF,60,11,24,3.4,8.1,0.42,2,5.6,0.349,1.4,2.5,0.581,0.8,1,0.847,0.6,2.8,3.3,1.4,0.6,0.3,0.7,9.6,johnsca02
Isaac Okoro,20,CLE,SG,67,67,32.4,3.5,8.3,0.42,0.9,3.2,0.29,2.6,5.1,0.501,1.7,2.3,0.726,1,2.1,3.1,1.9,0.9,0.4,1.3,9.6,okorois01
Taurean Prince,26,2TM,PF,41,10,22.1,3.2,8,0.401,1.5,3.8,0.4,1.7,4.2,0.401,1.6,1.9,0.855,0.5,3,3.5,1.9,0.7,0.6,1.1,9.5,princta02
Taurean Prince,26,BRK,PF,12,4,18.2,2.5,6.2,0.405,1.1,3.1,0.351,1.4,3.1,0.459,2,2.3,0.889,0.2,2.7,2.8,0.6,0.7,0.7,0.9,8.1,princta02
Taurean Prince,26,CLE,PF,29,6,23.7,3.5,8.7,0.399,1.7,4.1,0.415,1.8,4.7,0.385,1.4,1.7,0.837,0.6,3.1,3.7,2.4,0.7,0.5,1.2,10.1,princta02
Danny Green,33,PHI,SF,69,69,28,3.2,7.9,0.412,2.5,6.3,0.405,0.7,1.6,0.438,0.4,0.6,0.775,0.8,3,3.8,1.7,1.3,0.8,1,9.5,greenda02
Eric Paschall,24,GSW,PF,40,2,17.4,3.7,7.5,0.497,0.5,1.4,0.333,3.3,6.1,0.533,1.7,2.4,0.713,0.7,2.5,3.2,1.3,0.3,0.2,1.1,9.5,pascher01
Trevor Ariza,35,MIA,SF,30,27,28,3.3,8,0.411,1.7,4.8,0.35,1.6,3.3,0.5,1.1,1.5,0.773,0.9,3.9,4.8,1.8,1,0.6,0.7,9.4,arizatr01
Cody Zeller,28,CHO,C,48,21,20.9,3.8,6.8,0.559,0.1,0.6,0.143,3.7,6.2,0.598,1.8,2.5,0.714,2.5,4.4,6.8,1.8,0.6,0.4,1.1,9.4,zelleco01
KJ Martin,20,HOU,SF,45,8,23.7,3.6,7.1,0.509,0.8,2.1,0.365,2.8,4.9,0.572,1.3,1.9,0.714,1.6,3.8,5.4,1.1,0.7,0.9,0.8,9.3,martike04
Larry Nance Jr.,28,CLE,PF,35,27,31.2,3.7,7.8,0.471,1.2,3.3,0.36,2.5,4.5,0.551,0.9,1.4,0.612,1.5,5.2,6.7,3.1,1.7,0.5,1.6,9.3,nancela02
Landry Shamet,23,BRK,SG,61,12,23,3,7.5,0.408,2.1,5.5,0.387,0.9,2,0.463,1.1,1.3,0.846,0.2,1.7,1.8,1.6,0.5,0.2,0.8,9.3,shamela01
Desmond Bane,22,MEM,SG,68,17,22.3,3.4,7.3,0.469,1.7,4,0.432,1.7,3.4,0.513,0.6,0.7,0.816,0.5,2.6,3.1,1.7,0.6,0.2,0.9,9.2,banede01
Josh Hart,25,NOP,SF,47,4,28.7,3.2,7.3,0.439,1.3,4.1,0.326,1.9,3.2,0.583,1.5,1.9,0.775,1.1,6.9,8,2.3,0.8,0.3,1,9.2,hartjo01
David Nwaba,28,HOU,SF,30,9,22.6,3.5,7.3,0.486,0.6,2.1,0.27,3,5.2,0.574,1.6,2.3,0.691,1.3,2.6,3.9,1,1,0.7,0.6,9.2,nwabada01
Patrick Williams,19,CHI,PF,71,71,27.9,3.6,7.4,0.483,0.8,1.9,0.391,2.8,5.5,0.515,1.3,1.8,0.728,0.9,3.7,4.6,1.4,0.9,0.6,1.4,9.2,willipa01
Furkan Korkmaz,23,PHI,SG,55,11,19.3,3.1,7.7,0.401,1.8,4.9,0.375,1.3,2.8,0.445,1.1,1.5,0.732,0.3,1.7,2.1,1.5,0.9,0.2,0.8,9.1,korkmfu01
De'Anthony Melton,22,MEM,PG,52,1,20.1,3.3,7.6,0.438,1.7,4.1,0.412,1.6,3.5,0.467,0.8,1,0.804,0.6,2.5,3.1,2.5,1.2,0.6,1.3,9.1,meltode01
Talen Horton-Tucker,20,LAL,SG,65,4,20.1,3.4,7.5,0.458,0.6,2,0.282,2.9,5.5,0.522,1.5,2,0.775,0.4,2.2,2.6,2.8,1,0.3,1.6,9,hortota01
Robin Lopez,32,WAS,C,71,9,19.1,3.8,6,0.633,0.1,0.3,0.278,3.7,5.7,0.649,1.4,1.9,0.723,2,1.8,3.8,0.8,0.2,0.6,1.1,9,lopezro01
Paul Millsap,35,DEN,PF,56,36,20.8,3.4,7.2,0.476,0.9,2.6,0.343,2.5,4.6,0.55,1.3,1.8,0.724,1.4,3.3,4.7,1.8,0.9,0.6,0.9,9,millspa01
Jaylen Nowell,21,MIN,SG,42,0,18.1,3.4,8,0.424,1.2,3.6,0.333,2.2,4.4,0.497,1.1,1.3,0.818,0.5,1.8,2.3,1.5,0.5,0.3,0.7,9,nowelja01
Ivica Zubac,23,LAC,C,72,33,22.3,3.6,5.5,0.652,0,0.1,0.25,3.6,5.4,0.656,1.9,2.4,0.789,2.6,4.6,7.2,1.3,0.3,0.9,1.1,9,zubaciv01
DeMarcus Cousins,30,2TM,C,41,11,17.4,3.2,7.4,0.426,1.1,3.3,0.348,2,4.1,0.488,1.4,2,0.728,1.3,5.1,6.4,1.9,0.8,0.6,1.6,8.9,couside01
DeMarcus Cousins,30,HOU,C,25,11,20.2,3.2,8.4,0.376,1.6,4.6,0.336,1.6,3.8,0.426,1.8,2.4,0.746,1.2,6.4,7.6,2.4,0.8,0.7,1.6,9.6,couside01
DeMarcus Cousins,30,LAC,C,16,0,12.9,3.2,5.9,0.537,0.5,1.2,0.421,2.7,4.8,0.566,0.9,1.4,0.682,1.4,3.1,4.5,1,0.8,0.4,1.6,7.8,couside01
Bruce Brown,24,BRK,PG,65,37,22.3,3.6,6.5,0.556,0.3,0.9,0.288,3.4,5.6,0.599,1.3,1.8,0.735,1.7,3.7,5.4,1.6,0.9,0.4,0.8,8.8,brownbr01
Michael Carter-Williams,29,ORL,SG,31,25,25.8,3.4,8.7,0.389,0.5,2,0.246,2.9,6.7,0.431,1.6,2.6,0.613,1.3,3.2,4.5,4.2,0.8,0.5,2.2,8.8,cartemi01
Danuel House Jr.,27,HOU,SF,36,23,25.9,3.1,7.6,0.404,1.5,4.3,0.346,1.6,3.2,0.483,1.1,1.8,0.651,0.5,3.2,3.7,1.9,0.6,0.4,1,8.8,houseda01
Jay Scrubb,20,LAC,SG,4,1,21,3.5,9,0.389,0.5,2.3,0.222,3,6.8,0.444,1.3,1.3,1,0.5,3,3.5,0.3,1,0,1.8,8.8,scrubja01
George Hill,34,2TM,PG,30,17,22.4,3.2,6.6,0.482,1,2.7,0.388,2.1,3.9,0.547,1.3,1.7,0.8,0.5,1.5,2,2.4,0.8,0.2,1,8.7,hillge01
George Hill,34,OKC,PG,14,14,26.4,4.4,8.6,0.508,1.6,4.1,0.386,2.8,4.5,0.619,1.5,1.8,0.84,0.6,1.5,2.1,3.1,0.9,0.1,0.9,11.8,hillge01
George Hill,34,PHI,PG,16,3,18.9,2.1,4.8,0.442,0.6,1.4,0.391,1.6,3.4,0.463,1.2,1.6,0.76,0.5,1.5,2,1.9,0.7,0.2,1.2,6,hillge01
Terence Davis,23,2TM,SG,61,4,17.6,3.2,7.5,0.428,1.6,4.4,0.367,1.6,3.1,0.513,0.7,0.9,0.818,0.3,2.2,2.5,1.4,0.7,0.2,1,8.7,daviste02
Terence Davis,23,TOR,SG,34,4,14.5,2.6,6.2,0.414,1.3,3.6,0.361,1.3,2.6,0.489,0.5,0.5,0.889,0.3,1.7,1.9,1.1,0.5,0.2,0.9,6.9,daviste02
Terence Davis,23,SAC,SG,27,0,21.5,4,9.1,0.439,2,5.4,0.372,2,3.7,0.535,1.1,1.4,0.784,0.4,2.9,3.3,1.7,1,0.3,1.3,11.1,daviste02
Raul Neto,28,WAS,PG,64,22,21.9,3.3,7,0.468,1,2.6,0.39,2.3,4.4,0.512,1.2,1.3,0.882,0.4,2,2.4,2.3,1.1,0.1,0.8,8.7,netora01
Isaiah Roby,22,OKC,PF,61,34,23.4,3.4,7,0.483,0.5,1.8,0.294,2.9,5.2,0.547,1.4,1.9,0.744,1.5,4.1,5.6,1.8,0.9,0.6,1.9,8.7,robyis01
Dario Šarić,26,PHO,C,50,4,17.4,3.1,6.8,0.447,0.9,2.7,0.348,2.1,4.1,0.512,1.7,2,0.848,0.9,2.9,3.8,1.3,0.6,0.1,1.1,8.7,saricda01
Moses Brown,21,OKC,C,43,32,21.4,3.4,6.2,0.545,0,0,,3.4,6.2,0.545,1.8,2.9,0.619,3.6,5.3,8.9,0.2,0.7,1.1,1,8.6,brownmo01
T.J. McConnell,28,IND,PG,69,3,26,4,7.1,0.559,0.2,0.7,0.313,3.8,6.4,0.586,0.5,0.7,0.688,0.8,2.9,3.7,6.6,1.9,0.3,2,8.6,mccontj01
Jakob Poeltl,25,SAS,C,69,51,26.7,3.8,6.2,0.616,0,0,,3.8,6.2,0.616,0.9,1.8,0.508,3.2,4.8,7.9,1.9,0.7,1.8,1.2,8.6,poeltja01
Ricky Rubio,30,MIN,PG,68,51,26.1,2.8,7.3,0.388,1,3.1,0.308,1.9,4.2,0.447,1.9,2.2,0.867,0.4,2.9,3.3,6.4,1.4,0.1,1.6,8.6,rubiori01
Svi Mykhailiuk,23,2TM,SF,66,14,20.1,3.2,7.7,0.411,1.6,4.8,0.334,1.6,2.9,0.536,0.6,0.8,0.76,0.4,2.1,2.5,1.7,0.8,0.2,1.3,8.5,mykhasv01
Svi Mykhailiuk,23,DET,SF,36,5,17.6,2.3,6.2,0.377,1.6,4.8,0.333,0.8,1.4,0.519,0.7,0.8,0.8,0.3,1.8,2.1,1.6,0.8,0.2,1.1,6.9,mykhasv01
Svi Mykhailiuk,23,OKC,SF,30,9,23,4.1,9.4,0.438,1.6,4.8,0.336,2.5,4.7,0.543,0.5,0.7,0.7,0.4,2.5,3,1.8,0.8,0.2,1.6,10.3,mykhasv01
Robert Covington,30,POR,PF,70,70,32,2.9,7.3,0.401,1.9,5.1,0.379,1,2.2,0.451,0.7,0.9,0.806,0.9,5.8,6.7,1.7,1.4,1.2,0.9,8.5,covinro01
Gabriel Deck,25,OKC,PF,10,0,21.2,3.2,6.7,0.478,0.2,1.5,0.133,3,5.2,0.577,1.8,2.2,0.818,1.6,2.4,4,2.4,0.8,0,0.6,8.4,deckga01
James Ennis III,30,ORL,SF,41,37,24,2.8,5.9,0.473,1.1,2.5,0.433,1.7,3.4,0.504,1.7,2.1,0.805,1,3,4,1.5,0.8,0.2,0.9,8.4,ennisja01
Cameron Payne,26,PHO,PG,60,1,18,3.2,6.6,0.484,1.2,2.8,0.44,2,3.8,0.515,0.8,0.9,0.893,0.3,2.1,2.4,3.6,0.6,0.3,1,8.4,payneca01
Luke Kennard,24,LAC,SG,63,17,19.6,3.1,6.6,0.476,1.6,3.6,0.446,1.5,3,0.511,0.4,0.5,0.839,0.2,2.3,2.6,1.7,0.4,0.1,0.8,8.3,kennalu01
Mitchell Robinson,22,NYK,C,31,29,27.5,3.7,5.7,0.653,0,0,,3.7,5.7,0.653,0.8,1.7,0.491,3.6,4.5,8.1,0.5,1.1,1.5,0.8,8.3,robinmi01
Cory Joseph,29,2TM,PG,63,13,23,3.2,6.8,0.469,0.7,2.1,0.341,2.5,4.7,0.527,1.1,1.4,0.818,0.6,2,2.5,3.4,1,0.3,1.3,8.2,josepco01
Cory Joseph,29,SAC,PG,44,2,21.5,2.5,5.7,0.444,0.7,2.1,0.33,1.8,3.5,0.513,0.8,1.1,0.766,0.6,1.7,2.3,2.5,0.9,0.2,1,6.6,josepco01
Cory Joseph,29,DET,PG,19,11,26.4,4.7,9.3,0.506,0.7,2,0.368,3.9,7.3,0.543,1.9,2.2,0.878,0.5,2.6,3.2,5.5,1.2,0.5,1.8,12,josepco01
Sterling Brown,25,HOU,SG,51,14,24.1,2.9,6.6,0.448,1.8,4.2,0.423,1.2,2.4,0.492,0.5,0.6,0.806,0.7,3.6,4.4,1.4,0.7,0.2,0.8,8.2,brownst02
Aleksej Pokusevski,19,OKC,PF,45,28,24.2,3.1,9.1,0.341,1.3,4.6,0.28,1.8,4.5,0.403,0.7,0.9,0.738,0.7,4,4.7,2.2,0.4,0.9,2.2,8.2,pokusal01
Nicolas Batum,32,LAC,SF,67,38,27.4,2.9,6.1,0.464,1.6,4.1,0.404,1.2,2.1,0.579,0.7,0.9,0.828,0.7,4,4.7,2.2,1,0.6,0.8,8.1,batumni01
JaMychal Green,30,DEN,PF,58,5,19.3,3,6.4,0.463,1.4,3.4,0.399,1.6,3,0.534,0.8,1,0.807,1.5,3.3,4.8,0.9,0.4,0.4,0.9,8.1,greenja01
Hassan Whiteside,31,SAC,C,36,4,15.2,3.5,6.2,0.563,0,0,0,3.5,6.2,0.565,1.1,2.2,0.519,1.7,4.3,6,0.6,0.3,1.3,1.1,8.1,whiteha01
Mo Bamba,22,ORL,C,46,5,15.8,3.1,6.5,0.472,0.8,2.6,0.322,2.3,4,0.568,1,1.4,0.682,1.7,4.1,5.8,0.8,0.3,1.3,0.8,8,bambamo01
Tyrese Maxey,20,PHI,SG,61,8,15.3,3.2,7,0.462,0.5,1.7,0.301,2.7,5.3,0.512,1,1.1,0.871,0.2,1.5,1.7,2,0.4,0.2,0.7,8,maxeyty01
Kenrich Williams,26,OKC,PF,66,13,21.6,3.3,6.2,0.533,0.8,1.8,0.444,2.5,4.5,0.568,0.5,1,0.571,1.3,2.9,4.1,2.3,0.8,0.3,1.2,8,willike04
Robert Williams,23,BOS,C,52,13,18.9,3.6,5,0.721,0,0,0,3.6,4.9,0.727,0.9,1.4,0.616,2.6,4.3,6.9,1.8,0.8,1.8,1,8,williro04
Austin Rivers,28,2TM,SG,36,7,23.5,2.9,6.8,0.424,1.5,4.1,0.369,1.4,2.7,0.51,0.6,0.9,0.71,0.2,2.1,2.3,2.3,0.8,0.1,1,7.9,riverau01
Austin Rivers,28,NYK,SG,21,2,21,2.8,6.4,0.43,1.3,3.7,0.364,1.4,2.8,0.517,0.5,0.7,0.714,0.2,2,2.2,2,0.6,0,1,7.3,riverau01
Austin Rivers,28,DEN,SG,15,5,26.9,3.1,7.3,0.418,1.8,4.8,0.375,1.3,2.5,0.5,0.8,1.1,0.706,0.2,2.1,2.3,2.6,1.2,0.1,0.9,8.7,riverau01
Isaiah Stewart,19,DET,C,68,14,21.4,3.3,6,0.553,0.3,0.9,0.333,3,5.1,0.592,0.9,1.4,0.696,2.3,4.3,6.7,0.9,0.6,1.3,1,7.9,stewais01
Willy Hernangómez,26,NOP,C,47,12,18,3.2,5.7,0.563,0,0.2,0.1,3.2,5.5,0.581,1.3,2,0.667,2.5,4.6,7.1,1.1,0.5,0.5,0.7,7.8,hernawi01
Chuma Okeke,22,ORL,PF,45,19,25.2,3,7.2,0.417,1.1,3.1,0.348,1.9,4.1,0.47,0.7,0.9,0.75,0.9,3.1,4,2.2,1.1,0.5,0.8,7.8,okekech01
Anfernee Simons,21,POR,SG,64,0,17.3,2.6,6.3,0.419,1.9,4.4,0.426,0.8,1.9,0.403,0.7,0.9,0.807,0.2,2,2.2,1.4,0.3,0.1,0.7,7.8,simonan01
D.J. Augustin,33,2TM,PG,57,12,19.8,2.4,6,0.394,1.5,3.8,0.382,0.9,2.2,0.413,1.5,1.6,0.904,0.4,1.3,1.6,3.3,0.5,0,1.1,7.7,augusdj01
D.J. Augustin,33,MIL,PG,37,6,19.3,1.9,5.2,0.37,1.3,3.5,0.38,0.6,1.7,0.349,1,1.1,0.9,0.3,1.1,1.4,3,0.5,0,0.9,6.1,augusdj01
D.J. Augustin,33,HOU,PG,20,6,20.8,3.2,7.6,0.424,1.7,4.4,0.386,1.5,3.2,0.476,2.5,2.7,0.907,0.5,1.8,2.2,3.9,0.4,0,1.6,10.6,augusdj01
Ben McLemore,27,2TM,SG,53,5,17.1,2.5,6.9,0.37,1.8,5.3,0.346,0.7,1.6,0.447,0.7,1,0.736,0.3,1.6,1.9,0.7,0.4,0.2,0.8,7.7,mclembe01
Ben McLemore,27,HOU,SG,32,4,16.8,2.5,7,0.357,1.7,5.2,0.331,0.8,1.8,0.431,0.7,1,0.719,0.3,1.7,2.1,0.9,0.6,0.1,0.9,7.4,mclembe01
Ben McLemore,27,LAL,SG,21,1,17.5,2.6,6.7,0.39,2,5.4,0.368,0.6,1.3,0.481,0.8,1,0.762,0.2,1.4,1.6,0.5,0.1,0.3,0.7,8,mclembe01
PJ Dozier,24,DEN,SG,50,6,21.8,3,7.1,0.417,0.9,3,0.315,2,4.1,0.49,0.8,1.3,0.636,0.7,2.9,3.6,1.8,0.6,0.4,0.9,7.7,doziepj01
Mike James,30,BRK,PG,13,1,18.2,2.6,7.1,0.37,0.8,2.4,0.355,1.8,4.7,0.377,1.6,2.1,0.778,0.2,2.2,2.5,4.2,0.5,0.1,1.5,7.7,jamesmi02
Naji Marshall,23,NOP,SF,32,10,21.9,2.6,6.5,0.392,0.9,2.6,0.349,1.7,3.9,0.421,1.7,2.3,0.707,0.5,4.2,4.6,2.8,0.8,0.3,1.2,7.7,marshna01
Payton Pritchard,23,BOS,SG,66,4,19.2,2.8,6.3,0.44,1.5,3.8,0.411,1.2,2.6,0.482,0.6,0.7,0.889,0.5,1.9,2.4,1.8,0.6,0.1,0.8,7.7,pritcpa01
Tomáš Satoranský,29,CHI,SG,58,18,22.5,2.9,5.7,0.514,0.7,2,0.356,2.2,3.6,0.602,1.2,1.4,0.848,0.5,1.9,2.4,4.7,0.7,0.2,1.7,7.7,satorto01
Isaiah Thomas,31,NOP,PG,3,0,16,3,9,0.333,1,4,0.25,2,5,0.4,0.7,0.7,1,0.3,1,1.3,1.7,0.3,0,2,7.7,thomais02
Steven Adams,27,NOP,C,58,58,27.7,3.3,5.3,0.614,0,0.1,0,3.3,5.3,0.62,1,2.3,0.444,3.7,5.2,8.9,1.9,0.9,0.7,1.3,7.6,adamsst01
Garrett Temple,34,CHI,SG,56,25,27.3,2.8,6.8,0.415,1.2,3.6,0.335,1.6,3.2,0.503,0.7,0.9,0.8,0.5,2.3,2.9,2.2,0.8,0.5,1,7.6,templga01
Tristan Thompson,29,BOS,C,54,43,23.8,3.1,6,0.518,0,0.1,0,3.1,6,0.523,1.3,2.2,0.592,3.1,5,8.1,1.2,0.4,0.6,1.1,7.6,thomptr01
Patrick Beverley,32,LAC,PG,37,34,22.5,2.5,5.9,0.423,1.5,3.8,0.397,1,2.1,0.468,1,1.2,0.8,0.8,2.4,3.2,2.1,0.8,0.8,0.9,7.5,beverpa01
Henry Ellenson,24,TOR,PF,2,0,19,2.5,7,0.357,1,4.5,0.222,1.5,2.5,0.6,1.5,2,0.75,1.5,4.5,6,2.5,0,0,0,7.5,ellenhe01
Malachi Flynn,22,TOR,PG,47,14,19.7,2.7,7.2,0.374,1.1,3.6,0.321,1.6,3.7,0.424,1,1.2,0.804,0.2,2.3,2.5,2.9,0.8,0.1,0.9,7.5,flynnma01
Jaxson Hayes,20,NOP,C,60,3,16.1,2.9,4.7,0.625,0.1,0.2,0.429,2.8,4.4,0.635,1.6,2,0.775,1.5,2.8,4.3,0.6,0.4,0.6,0.7,7.5,hayesja02
DeAndre Jordan,32,BRK,C,57,43,21.9,3.3,4.4,0.763,0,0,0,3.3,4.4,0.766,0.8,1.6,0.5,2.1,5.4,7.5,1.6,0.3,1.1,1.5,7.5,jordade01
Edmond Sumner,25,IND,SG,53,24,16.2,2.8,5.3,0.525,0.7,1.7,0.398,2.1,3.7,0.582,1.3,1.6,0.819,0.3,1.4,1.8,0.9,0.6,0.2,1,7.5,sumneed01
JJ Redick,36,2TM,SG,44,0,16.4,2.4,6.1,0.397,1.5,4,0.371,0.9,2,0.449,1.1,1.2,0.942,0.1,1.4,1.5,1.2,0.3,0.1,0.8,7.4,redicjj01
JJ Redick,36,NOP,SG,31,0,18.6,2.8,6.9,0.407,1.6,4.5,0.364,1.2,2.4,0.486,1.5,1.5,0.957,0.1,1.6,1.7,1.3,0.3,0.1,0.8,8.7,redicjj01
JJ Redick,36,DAL,SG,13,0,11.3,1.5,4.1,0.358,1.2,2.9,0.395,0.3,1.2,0.267,0.3,0.4,0.8,0.1,0.8,0.9,0.8,0.2,0.1,0.8,4.4,redicjj01
Jalen Harris,22,TOR,SG,13,2,13.2,2.8,5.5,0.5,1.3,2.8,0.472,1.5,2.8,0.528,0.5,0.7,0.778,0.2,1.2,1.4,1.3,0.6,0,1.1,7.4,harrija01
Jalen McDaniels,23,CHO,SF,47,18,19.2,2.8,6,0.468,0.7,2.2,0.333,2.1,3.8,0.547,1,1.4,0.703,1,2.6,3.6,1.1,0.6,0.4,1,7.4,mcdanja01
JaVale McGee,33,2TM,C,46,2,14.7,3.1,6.1,0.511,0.1,0.5,0.208,3,5.6,0.539,1,1.5,0.657,1.7,3.5,5.2,0.8,0.4,1.2,1.3,7.3,mcgeeja01
JaVale McGee,33,CLE,C,33,1,15.2,3.4,6.5,0.521,0.2,0.6,0.25,3.2,5.9,0.549,1.1,1.7,0.655,1.6,3.5,5.2,1,0.5,1.2,1.4,8,mcgeeja01
JaVale McGee,33,DEN,C,13,1,13.5,2.5,5.2,0.478,0,0.3,0,2.5,4.8,0.508,0.6,0.9,0.667,1.8,3.5,5.3,0.5,0.2,1.1,1.2,5.5,mcgeeja01
Louis King,21,SAC,SF,6,1,14.2,2.8,5.7,0.5,0.7,1.8,0.364,2.2,3.8,0.565,1,1,1,0.8,2.2,3,1.5,1.2,0.5,0.7,7.3,kinglo02
Khem Birch,28,2TM,C,67,22,22.8,2.8,5.7,0.497,0.2,0.8,0.25,2.6,4.9,0.537,1.4,1.9,0.705,2.6,3.2,5.8,1.3,0.7,0.7,0.7,7.2,birchkh01
Khem Birch,28,ORL,C,48,5,19.8,2,4.4,0.45,0.1,0.4,0.19,1.9,3.9,0.479,1.3,1.8,0.741,2.4,2.6,5.1,1.1,0.7,0.6,0.5,5.3,birchkh01
Khem Birch,28,TOR,C,19,17,30.4,5,9,0.556,0.5,1.6,0.29,4.5,7.4,0.614,1.5,2.3,0.636,3,4.6,7.6,1.9,0.8,1.2,1.1,11.9,birchkh01
James Johnson,33,2TM,PF,51,12,20.5,2.9,6.4,0.446,0.6,2.4,0.258,2.3,4.1,0.556,0.9,1.5,0.592,0.6,2.8,3.5,1.9,0.8,0.8,1.1,7.2,johnsja01
James Johnson,33,DAL,PF,29,1,17.4,2.3,5,0.462,0.5,2.1,0.25,1.8,2.9,0.612,0.6,1,0.586,0.5,2.5,3,1.7,0.8,0.8,0.9,5.7,johnsja01
James Johnson,33,NOP,PF,22,11,24.5,3.6,8.3,0.434,0.7,2.7,0.267,2.9,5.5,0.516,1.3,2.1,0.596,0.8,3.3,4.1,2.2,0.8,0.9,1.3,9.2,johnsja01
Justin Jackson,25,2TM,SF,34,3,17,2.6,6.5,0.403,1.1,3.4,0.308,1.6,3.1,0.51,0.9,1.1,0.838,0.5,1.8,2.3,1.5,0.4,0.1,0.9,7.2,jacksju01
Justin Jackson,25,OKC,SF,33,3,16.5,2.6,6.4,0.406,1,3.4,0.306,1.6,3.1,0.515,0.9,1.1,0.857,0.4,1.7,2.2,1.5,0.5,0.1,0.9,7.2,jacksju01
Justin Jackson,25,MIL,SF,1,0,33,3,9,0.333,2,6,0.333,1,3,0.333,1,2,0.5,2,4,6,1,0,0,1,9,jacksju01
Kent Bazemore,31,GSW,SF,67,18,19.9,2.6,5.9,0.449,1.1,2.7,0.408,1.5,3.1,0.486,0.8,1.2,0.692,0.4,3,3.4,1.6,1,0.5,1.2,7.2,bazemke01
Juancho Hernangómez,25,MIN,PF,52,6,17.3,2.5,5.8,0.435,1.1,3.2,0.327,1.4,2.5,0.573,1.2,1.9,0.619,0.9,3.1,3.9,0.7,0.4,0.1,0.5,7.2,hernaju01
Aaron Holiday,24,IND,PG,66,8,17.8,2.6,6.6,0.39,1,2.8,0.368,1.6,3.8,0.406,1,1.3,0.819,0.2,1.1,1.3,1.9,0.7,0.2,1,7.2,holidaa01
Tony Bradley,23,2TM,C,42,8,16.3,3.1,4.7,0.665,0,0.1,0,3.1,4.6,0.675,0.9,1.3,0.691,2,3.7,5.7,0.9,0.4,0.7,0.8,7.1,bradlto01
Tony Bradley,23,PHI,C,20,8,14.4,2.6,3.8,0.68,0,0.1,0,2.6,3.7,0.689,0.4,0.6,0.636,2,3.3,5.2,0.9,0.3,0.7,0.3,5.5,bradlto01
Tony Bradley,23,OKC,C,22,0,18,3.6,5.5,0.656,0,0.1,0,3.6,5.5,0.667,1.4,2,0.705,2.1,4,6.1,0.9,0.4,0.8,1.2,8.7,bradlto01
Dewayne Dedmon,31,MIA,C,16,0,13.1,2.9,4.1,0.708,0.1,0.3,0.2,2.8,3.8,0.75,1.3,1.7,0.741,1.8,3.6,5.4,0.8,0.6,0.4,0.8,7.1,dedmode01
Maxi Kleber,29,DAL,PF,50,40,26.8,2.3,5.5,0.422,1.7,4.2,0.41,0.6,1.3,0.46,0.7,0.7,0.919,0.9,4.3,5.2,1.4,0.5,0.7,0.6,7.1,klebima01
Ignas Brazdeikis,22,3TM,SF,13,0,19.2,2.7,6.4,0.422,0.8,2.2,0.393,1.8,4.2,0.436,0.8,1.1,0.714,0.8,2.6,3.5,1.3,0.3,0.2,0.9,7,brazdig01
Ignas Brazdeikis,22,NYK,SF,4,0,1.8,0,0.3,0,0,0,,0,0.3,0,0.5,0.5,1,0.3,0.3,0.5,0.3,0,0,0.3,0.5,brazdig01
Ignas Brazdeikis,22,PHI,SF,1,0,8,0,3,0,0,1,0,0,2,0,0,0,,0,2,2,0,0,0,0,0,brazdig01
Ignas Brazdeikis,22,ORL,SF,8,0,29.3,4.4,9.9,0.443,1.4,3.4,0.407,3,6.5,0.462,1,1.5,0.667,1.3,3.9,5.1,2,0.5,0.4,1.4,11.1,brazdig01
Daniel Gafford,22,2TM,C,54,11,14.6,2.9,4.2,0.684,0,0,,2.9,4.2,0.684,1.3,2,0.667,1.7,2.5,4.3,0.5,0.5,1.4,0.8,7,gaffoda01
Daniel Gafford,22,CHI,C,31,11,12.4,1.9,2.8,0.69,0,0,,1.9,2.8,0.69,0.9,1.3,0.659,1.4,1.9,3.3,0.5,0.4,1.1,0.7,4.7,gaffoda01
Daniel Gafford,22,WAS,C,23,0,17.7,4.1,6,0.681,0,0,,4.1,6,0.681,2,2.9,0.672,2.2,3.4,5.6,0.5,0.7,1.8,0.8,10.1,gaffoda01
Draymond Green,30,GSW,PF,63,63,31.5,2.7,6,0.447,0.5,2,0.27,2.2,4,0.535,1.1,1.4,0.795,0.9,6.3,7.1,8.9,1.7,0.8,3,7,greendr01
Dwight Howard,35,PHI,C,69,6,17.3,2.6,4.4,0.587,0.1,0.3,0.25,2.5,4.1,0.611,1.8,3,0.576,2.8,5.7,8.4,0.9,0.4,0.9,1.6,7,howardw01
Terance Mann,24,LAC,SG,67,10,18.9,2.7,5.2,0.509,0.6,1.4,0.418,2.1,3.9,0.541,1.2,1.4,0.83,0.8,2.8,3.6,1.6,0.4,0.2,0.6,7,mannte01
Royce O'Neale,27,UTA,SF,71,71,31.6,2.5,5.5,0.444,1.5,3.9,0.385,1,1.6,0.586,0.5,0.6,0.848,1.2,5.6,6.8,2.5,0.8,0.5,1.2,7,onealro01
R.J. Hampton,19,2TM,SG,51,1,17.4,2.7,6.1,0.435,0.5,1.7,0.31,2.1,4.4,0.482,1.1,1.6,0.671,0.6,2.9,3.5,1.7,0.4,0.2,1,6.9,hamptrj01
R.J. Hampton,19,DEN,SG,25,0,9.3,1,2.4,0.417,0.2,0.7,0.278,0.8,1.7,0.476,0.4,0.5,0.75,0.4,1.6,2,0.6,0.2,0.1,0.4,2.6,hamptrj01
R.J. Hampton,19,ORL,SG,26,1,25.2,4.3,9.7,0.439,0.8,2.7,0.319,3.4,7.1,0.484,1.8,2.7,0.657,0.7,4.2,5,2.8,0.6,0.3,1.6,11.2,hamptrj01
Moritz Wagner,23,3TM,C,45,24,16,2.3,5.1,0.454,0.7,2,0.341,1.6,3.1,0.529,1.6,1.9,0.816,0.6,2.6,3.2,1.1,0.6,0.4,1,6.9,wagnemo01
Moritz Wagner,23,WAS,C,25,13,15,2.5,4.9,0.508,0.5,1.7,0.31,2,3.2,0.613,1.6,2.1,0.788,0.5,2.4,2.9,1.3,0.9,0.3,0.8,7.1,wagnemo01
Moritz Wagner,23,BOS,C,9,1,6.8,0.4,1.6,0.286,0.2,0.7,0.333,0.2,0.9,0.25,0.1,0.2,0.5,0.3,1.8,2.1,0.7,0,0.1,1,1.2,wagnemo01
Moritz Wagner,23,ORL,C,11,10,26,3.5,8.5,0.409,1.5,3.9,0.372,2,4.5,0.44,2.6,3,0.879,1,3.9,4.9,1.1,0.4,0.8,1.2,11,wagnemo01
Georges Niang,27,UTA,PF,72,10,16,2.5,5.6,0.437,1.7,4.1,0.425,0.7,1.6,0.469,0.3,0.3,0.957,0.4,2.1,2.4,0.8,0.3,0.1,0.7,6.9,niangge01
Gorgui Dieng,31,2TM,C,38,1,14.5,2.2,4.3,0.521,0.8,1.8,0.429,1.4,2.4,0.591,1.5,1.8,0.866,1.1,2.6,3.7,1.3,0.7,0.4,0.8,6.8,dienggo01
Gorgui Dieng,31,MEM,C,22,1,16.9,2.5,4.9,0.519,1,2.2,0.479,1.5,2.7,0.55,1.7,2,0.884,1.3,3.2,4.5,1.3,0.8,0.6,1,7.9,dienggo01
Gorgui Dieng,31,SAS,C,16,0,11.3,1.8,3.4,0.527,0.4,1.4,0.318,1.4,2.1,0.667,1.3,1.5,0.833,0.8,1.9,2.6,1.2,0.6,0.1,0.6,5.3,dienggo01
Pat Connaughton,28,MIL,SG,69,4,22.8,2.4,5.6,0.434,1.5,3.9,0.371,1,1.7,0.583,0.4,0.6,0.775,0.9,3.9,4.8,1.2,0.7,0.3,0.5,6.8,connapa01
Killian Hayes,19,DET,PG,26,18,25.8,2.7,7.7,0.353,0.8,2.8,0.278,2,5,0.395,0.5,0.7,0.824,0.2,2.4,2.7,5.3,1,0.4,3.2,6.8,hayeski01
Derrick Jones Jr.,23,POR,SF,58,43,22.7,2.5,5.2,0.484,0.7,2.3,0.316,1.8,2.9,0.619,1,1.6,0.648,1.3,2.2,3.5,0.8,0.6,0.9,0.6,6.8,jonesde02
Jaden McDaniels,20,MIN,PF,63,27,24,2.6,5.8,0.447,1.1,3.1,0.364,1.5,2.7,0.544,0.4,0.7,0.6,0.8,2.9,3.7,1.1,0.6,1,0.7,6.8,mcdanja02
Justise Winslow,24,MEM,SF,26,1,19.5,2.8,8.1,0.352,0.4,2.1,0.185,2.5,6,0.41,0.8,1.3,0.571,0.7,3.8,4.5,1.9,0.6,0.5,1.4,6.8,winslju01
Dennis Smith Jr.,23,2TM,PG,23,9,18.3,2.5,6.3,0.4,0.8,2.5,0.328,1.7,3.8,0.448,0.8,1.1,0.731,0.5,1.9,2.4,3.3,1,0.6,1.1,6.7,smithde03
Dennis Smith Jr.,23,NYK,PG,3,0,9.3,0.7,3.3,0.2,0,1.3,0,0.7,2,0.333,1.7,2,0.833,0,0.7,0.7,1,1,0,0.3,3,smithde03
Dennis Smith Jr.,23,DET,PG,20,9,19.6,2.8,6.8,0.415,1,2.7,0.352,1.9,4.1,0.457,0.7,1,0.7,0.6,2.1,2.7,3.7,1,0.7,1.3,7.3,smithde03
Jeff Teague,32,2TM,PG,55,7,17.3,2.2,5.2,0.433,0.7,1.5,0.439,1.6,3.7,0.431,1.6,1.9,0.848,0.3,1.3,1.6,2.4,0.6,0.2,1.2,6.7,teaguje01
Jeff Teague,32,BOS,PG,34,5,18.1,2.3,5.5,0.415,0.8,1.6,0.464,1.5,3.9,0.394,1.5,1.8,0.836,0.3,1.4,1.7,2.1,0.8,0.2,1.1,6.9,teaguje01
Jeff Teague,32,MIL,PG,21,2,15.9,2.1,4.6,0.469,0.5,1.2,0.385,1.7,3.3,0.5,1.8,2.1,0.864,0.2,1.2,1.5,2.8,0.4,0.2,1.2,6.6,teaguje01
Spencer Dinwiddie,27,BRK,SG,3,3,21.3,2,5.3,0.375,0.7,2.3,0.286,1.3,3,0.444,2,2,1,0,4.3,4.3,3,0.7,0.3,1.7,6.7,dinwisp01
Damyean Dotson,26,CLE,SG,46,7,19.7,2.6,6.4,0.406,1,3.5,0.289,1.6,2.9,0.545,0.5,0.8,0.667,0.1,1.9,2,2,0.3,0.1,0.9,6.7,dotsoda01
Markieff Morris,31,LAL,PF,61,27,19.7,2.5,6.2,0.405,1.1,3.4,0.311,1.4,2.8,0.521,0.6,0.8,0.72,0.8,3.6,4.4,1.2,0.4,0.3,0.9,6.7,morrima02
Abdel Nader,27,PHO,SF,24,0,14.8,2.4,4.8,0.491,0.8,1.8,0.419,1.6,3,0.534,1.2,1.5,0.757,0.3,2.3,2.6,0.8,0.4,0.4,0.8,6.7,naderab01
Ish Smith,32,WAS,PG,44,1,21,2.9,6.8,0.434,0.4,1.1,0.367,2.5,5.6,0.448,0.4,0.8,0.576,0.5,2.9,3.4,3.9,0.7,0.3,0.9,6.7,smithis01
Alex Len,27,2TM,C,64,42,15.3,2.7,4.3,0.615,0.1,0.4,0.32,2.5,4,0.644,1.1,1.8,0.629,1.2,2.8,4.1,0.8,0.3,1,0.9,6.6,lenal01
Alex Len,27,TOR,C,7,2,10.9,0.7,1.4,0.5,0.4,0.9,0.5,0.3,0.6,0.5,0.4,0.9,0.5,0,1.6,1.6,0.4,0.1,0.9,1.1,2.3,lenal01
Alex Len,27,WAS,C,57,40,15.8,2.9,4.7,0.619,0.1,0.3,0.263,2.8,4.4,0.647,1.2,1.9,0.636,1.4,3,4.4,0.8,0.3,1,0.8,7.1,lenal01
Trey Burke,28,DAL,PG,62,1,14.7,2.4,5.7,0.428,0.9,2.6,0.354,1.5,3,0.492,0.8,0.9,0.895,0.2,0.7,0.9,1.3,0.6,0.1,0.5,6.6,burketr01
Nic Claxton,21,BRK,C,32,1,18.6,2.8,4.5,0.621,0,0.2,0.2,2.8,4.4,0.636,1,2,0.484,1.3,3.8,5.2,0.9,0.7,1.3,0.6,6.6,claxtni01
Frank Kaminsky,27,PHO,C,47,13,15.2,2.6,5.5,0.471,0.7,1.8,0.365,1.9,3.7,0.523,0.8,1.3,0.617,0.8,3.2,4,1.7,0.3,0.4,0.5,6.6,kaminfr01
Xavier Tillman Sr.,22,MEM,PF,59,12,18.4,2.8,5.1,0.559,0.4,1.1,0.338,2.5,4,0.62,0.6,0.9,0.642,1.3,3.1,4.3,1.3,0.7,0.6,0.8,6.6,tillmxa01
Nemanja Bjelica,32,2TM,PF,37,3,16.1,2.4,5.3,0.454,0.7,2.3,0.318,1.7,3,0.559,1,1.4,0.725,0.8,2.6,3.4,1.9,0.4,0.1,0.9,6.5,bjeline01
Nemanja Bjelica,32,SAC,PF,26,1,16.9,2.7,5.8,0.46,0.7,2.2,0.293,2,3.5,0.565,1.2,1.6,0.762,0.9,2.9,3.8,1.9,0.3,0.1,1.1,7.2,bjeline01
Nemanja Bjelica,32,MIA,PF,11,2,14.2,1.8,4.2,0.435,0.9,2.5,0.37,0.9,1.7,0.526,0.5,0.8,0.556,0.5,2,2.5,1.8,0.6,0.3,0.5,5,bjeline01
Marquese Chriss,23,GSW,PF,2,0,13.5,2.5,7,0.357,0.5,2.5,0.2,2,4.5,0.444,1,2,0.5,1.5,5,6.5,1,0,1,1,6.5,chrisma01
Damion Lee,28,GSW,SG,57,1,18.9,2.2,4.8,0.467,1.4,3.4,0.397,0.9,1.4,0.638,0.7,0.8,0.909,0.4,2.8,3.2,1.3,0.7,0.1,0.5,6.5,leeda03
Chasson Randle,27,ORL,PG,41,5,20.4,2.2,5.8,0.388,1.1,3.2,0.338,1.2,2.6,0.449,0.9,1.2,0.792,0.2,1.8,2,1.8,0.5,0.1,1.1,6.5,randlch01
Denzel Valentine,27,CHI,SG,62,3,16.7,2.5,6.7,0.373,1.3,3.9,0.331,1.2,2.8,0.431,0.3,0.3,0.941,0.4,2.8,3.2,1.7,0.5,0.1,0.7,6.5,valende01
Avery Bradley,30,2TM,SG,27,6,22.3,2.4,6.3,0.374,1.2,3.7,0.327,1.1,2.6,0.443,0.4,0.6,0.8,0.3,1.8,2.1,1.7,0.8,0.1,1,6.4,bradlav01
Avery Bradley,30,MIA,SG,10,1,21.1,3.1,6.6,0.47,1.6,3.8,0.421,1.5,2.8,0.536,0.7,0.9,0.778,0.2,1.6,1.8,1.4,0.7,0.1,0.9,8.5,bradlav01
Avery Bradley,30,HOU,SG,17,5,23,1.9,6.2,0.314,1,3.7,0.27,0.9,2.5,0.381,0.3,0.4,0.833,0.4,1.9,2.3,1.9,0.8,0.1,1.1,5.2,bradlav01
Alex Caruso,26,LAL,PG,58,6,21,2.3,5.3,0.436,0.9,2.4,0.401,1.3,2.9,0.464,0.8,1.3,0.645,0.5,2.4,2.9,2.8,1.1,0.3,1.3,6.4,carusal01
Kira Lewis Jr.,19,NOP,PG,54,0,16.7,2.4,6.2,0.386,0.7,2.2,0.333,1.7,4,0.415,0.8,0.9,0.843,0.2,1.1,1.3,2.3,0.7,0.2,0.6,6.4,lewiski01
Timothé Luwawu-Cabarrot,25,BRK,SF,58,7,18.1,2.2,6.1,0.365,1.3,4.1,0.314,0.9,2,0.47,0.6,0.7,0.814,0.5,1.7,2.2,1.2,0.6,0.1,0.7,6.4,luwawti01
Deni Avdija,20,WAS,SF,54,32,23.3,2.4,5.8,0.417,1,3.1,0.315,1.4,2.7,0.535,0.5,0.8,0.644,0.4,4.4,4.9,1.2,0.6,0.3,0.6,6.3,avdijde01
Tyus Jones,24,MEM,PG,70,9,17.5,2.5,5.9,0.431,0.6,2,0.321,1.9,3.9,0.487,0.6,0.6,0.911,0.3,1.7,2,3.7,0.9,0.1,0.7,6.3,jonesty01
Frank Mason III,26,ORL,PG,4,1,19.8,2.3,6,0.375,0.5,1.3,0.4,1.8,4.8,0.368,1.3,1.8,0.714,0.8,2.3,3,3,0,0,1.3,6.3,masonfr01
Chimezie Metu,23,SAC,C,36,6,13.6,2.5,5,0.508,0.4,1,0.351,2.2,3.9,0.549,0.9,1.2,0.721,0.9,2.3,3.1,0.8,0.4,0.5,0.8,6.3,metuch01
Aron Baynes,34,TOR,C,53,31,18.5,2.5,5.7,0.441,0.5,1.9,0.262,2,3.8,0.532,0.5,0.8,0.707,1.6,3.5,5.2,0.9,0.3,0.4,0.9,6.1,baynear01
Facundo Campazzo,29,DEN,PG,65,19,21.9,1.8,4.8,0.381,1.2,3.3,0.352,0.7,1.5,0.444,1.2,1.4,0.879,0.3,1.7,2.1,3.6,1.2,0.2,1.1,6.1,campafa01
Robert Franks,24,ORL,PF,7,0,14.4,1.9,4,0.464,0.7,2.1,0.333,1.1,1.9,0.615,1.7,1.9,0.923,0.9,1.1,2,0.7,0.4,0.4,0.3,6.1,frankro01
Jaylen Hoard,21,OKC,SF,19,0,16.8,2.3,4.6,0.5,0,0.6,0,2.3,4.1,0.571,1.5,2.2,0.683,1.1,2.3,3.4,1.3,0.7,0.3,0.9,6.1,hoardja01
Max Strus,24,MIA,SF,39,0,13,2.2,4.8,0.455,1.3,3.8,0.338,0.9,1,0.897,0.4,0.6,0.667,0.1,0.9,1.1,0.6,0.3,0.1,0.2,6.1,strusma01
Dakota Mathias,25,PHI,SG,8,2,15.4,2.4,6,0.396,1,3.3,0.308,1.4,2.8,0.5,0.3,0.8,0.333,0.1,0.8,0.9,1.6,0.1,0.4,0.1,6,mathida01
Dean Wade,24,CLE,PF,63,19,19.2,2.1,4.9,0.431,1.2,3.4,0.366,0.9,1.6,0.571,0.5,0.6,0.769,0.6,2.8,3.4,1.2,0.6,0.3,0.5,6,wadede01
Dwight Powell,29,DAL,C,58,19,16.7,2.1,3.3,0.619,0.1,0.4,0.238,2,3,0.665,1.7,2.1,0.782,1.4,2.7,4,1.1,0.6,0.5,0.7,5.9,poweldw01
Drew Eubanks,23,SAS,C,54,3,14,2.1,3.8,0.566,0,0,1,2.1,3.8,0.562,1.4,2,0.726,1.4,3.1,4.5,0.8,0.3,0.9,0.8,5.8,eubandr01
DeAndre' Bembry,26,TOR,SF,51,12,19.1,2.3,4.5,0.513,0.3,1,0.264,2,3.4,0.589,0.9,1.3,0.682,0.6,2.2,2.9,2.1,1,0.4,1.4,5.7,bembrde01
Rodney McGruder,29,DET,SG,16,2,12.1,2.3,4.4,0.529,0.7,1.5,0.458,1.6,2.9,0.565,0.4,0.5,0.75,0.5,0.9,1.4,1,0.5,0.1,0.4,5.7,mcgruro01
Jordan Nwora,22,MIL,SF,30,2,9.1,2.1,4.5,0.459,0.9,2.1,0.452,1.1,2.4,0.466,0.6,0.8,0.76,0.3,1.7,2,0.2,0.5,0.2,0.8,5.7,nworajo01
Juan Toscano-Anderson,27,GSW,SG,53,16,20.9,2.3,3.9,0.579,0.7,1.7,0.402,1.6,2.2,0.718,0.4,0.6,0.71,0.5,3.9,4.4,2.8,0.8,0.5,1.2,5.7,toscaju01
Yogi Ferrell,27,2TM,PG,10,0,13.6,2,5.7,0.351,0.9,2.8,0.321,1.1,2.9,0.379,0.7,0.9,0.778,0.5,1.4,1.9,2.2,0.7,0.3,0.3,5.6,ferreyo01
Yogi Ferrell,27,CLE,PG,2,0,20,4,10.5,0.381,1.5,4.5,0.333,2.5,6,0.417,0,1,0,1.5,2,3.5,2.5,1.5,0.5,1.5,9.5,ferreyo01
Yogi Ferrell,27,LAC,PG,8,0,12,1.5,4.5,0.333,0.8,2.4,0.316,0.8,2.1,0.353,0.9,0.9,1,0.3,1.3,1.5,2.1,0.5,0.3,0,4.6,ferreyo01
Freddie Gillespie,23,TOR,PF,20,2,19.6,2.2,4.2,0.524,0,0,,2.2,4.2,0.524,1.2,1.7,0.697,2.1,2.8,4.9,0.5,0.7,1,0.6,5.6,gillefr01
Donta Hall,23,ORL,PF,13,0,13.8,1.9,2.7,0.714,0,0,,1.9,2.7,0.714,1.8,2.6,0.676,1.8,2.9,4.8,0.8,0.4,0.8,0.6,5.6,halldo01
Saben Lee,21,DET,PG,48,7,16.3,2.1,4.4,0.471,0.2,0.5,0.348,1.9,3.9,0.487,1.3,1.9,0.685,0.4,1.6,2,3.6,0.7,0.3,1.1,5.6,leesa01
Mychal Mulder,26,GSW,PG,60,6,12.8,2,4.4,0.449,1.4,3.6,0.397,0.6,0.9,0.667,0.2,0.4,0.636,0.1,0.9,1,0.4,0.2,0.2,0.3,5.6,muldemy01
Torrey Craig,30,2TM,SF,50,8,16.1,2.2,4.5,0.48,0.8,2.1,0.368,1.4,2.4,0.579,0.3,0.4,0.773,1.1,2.8,3.9,1,0.6,0.5,0.5,5.5,craigto01
Torrey Craig,30,MIL,SF,18,0,11.2,1,2.6,0.391,0.4,1.2,0.364,0.6,1.3,0.417,0.1,0.1,0.5,0.7,1.7,2.4,0.9,0.5,0.4,0.3,2.5,craigto01
Torrey Craig,30,PHO,SF,32,8,18.8,2.8,5.7,0.503,1,2.6,0.369,1.9,3,0.619,0.5,0.6,0.8,1.4,3.4,4.8,1,0.6,0.6,0.6,7.2,craigto01
Brad Wanamaker,31,2TM,PG,61,0,17.3,1.9,4.9,0.385,0.3,1.4,0.188,1.6,3.5,0.463,1.5,1.7,0.891,0.3,1.4,1.7,2.9,0.7,0.2,1.2,5.5,wanambr01
Brad Wanamaker,31,GSW,PG,39,0,16,1.6,4.4,0.353,0.3,1.6,0.213,1.2,2.9,0.429,1.3,1.4,0.893,0.2,1.5,1.7,2.5,0.7,0.2,0.9,4.7,wanambr01
Brad Wanamaker,31,CHO,PG,22,0,19.5,2.5,5.7,0.429,0.1,1.1,0.125,2.3,4.6,0.5,1.8,2,0.889,0.5,1.3,1.8,3.4,0.8,0.2,1.5,6.9,wanambr01
Jabari Parker,25,2TM,PF,13,0,12.7,2.3,4.2,0.545,0.2,0.8,0.182,2.2,3.4,0.636,0.8,1,0.769,0.8,2.5,3.2,0.8,0.1,0.4,0.8,5.5,parkeja01
Jabari Parker,25,SAC,PF,3,0,9,1.3,2.3,0.571,0,0.3,0,1.3,2,0.667,0,0,,0.3,1.7,2,0.3,0,0.3,1,2.7,parkeja01
Jabari Parker,25,BOS,PF,10,0,13.8,2.6,4.8,0.542,0.2,1,0.2,2.4,3.8,0.632,1,1.3,0.769,0.9,2.7,3.6,1,0.1,0.4,0.7,6.4,parkeja01
Anthony Lamb,23,HOU,SF,24,3,17.3,1.9,4.9,0.39,1,3,0.324,1,2,0.489,0.8,0.9,0.857,1.1,1.8,2.9,1,0.3,0.2,0.8,5.5,lamban01
Garrison Mathews,24,WAS,SG,64,24,16.2,1.5,3.7,0.409,1.2,3.1,0.384,0.3,0.6,0.538,1.3,1.5,0.884,0.3,1.1,1.4,0.4,0.5,0.1,0.2,5.5,mathega01
Devin Vassell,20,SAS,SF,62,7,17,2,4.9,0.406,0.8,2.4,0.347,1.1,2.5,0.464,0.7,0.8,0.843,0.4,2.4,2.8,0.9,0.7,0.3,0.4,5.5,vassede01
Rajon Rondo,34,2TM,PG,45,3,17.1,2.1,4.8,0.442,0.8,2,0.404,1.3,2.8,0.468,0.4,0.4,0.941,0.4,2,2.4,4.4,0.8,0.1,1.8,5.4,rondora01
Rajon Rondo,34,ATL,PG,27,2,14.9,1.6,4.1,0.4,0.6,1.7,0.378,1,2.4,0.415,0,0.1,0.5,0.1,1.9,2,3.5,0.7,0.1,1.4,3.9,rondora01
Rajon Rondo,34,LAC,PG,18,1,20.4,2.8,5.8,0.486,1.1,2.4,0.432,1.8,3.4,0.525,0.8,0.8,1,0.8,2.3,3.1,5.8,1,0.1,2.2,7.6,rondora01
Derrick Favors,29,UTA,C,68,0,15.3,2.3,3.6,0.638,0,0,0,2.3,3.5,0.643,0.9,1.2,0.738,2,3.5,5.5,0.6,0.5,1,0.5,5.4,favorde01
Taj Gibson,35,NYK,C,45,3,20.8,2.2,3.5,0.627,0.1,0.3,0.2,2.1,3.2,0.671,0.9,1.2,0.727,2.2,3.4,5.6,0.8,0.7,1.1,0.5,5.4,gibsota01
Tyler Johnson,28,BRK,SG,39,3,17.5,1.8,4.7,0.393,1.2,3.4,0.364,0.6,1.3,0.471,0.5,0.5,0.857,0.2,1.8,2,1.2,0.4,0,0.4,5.4,johnsty01
Jahlil Okafor,25,DET,C,27,2,12.9,2.3,3.8,0.618,0.1,0.3,0.222,2.3,3.4,0.656,0.6,0.9,0.708,0.9,1.6,2.4,0.5,0.2,0.2,0.8,5.4,okafoja01
Josh Okogie,22,MIN,SG,59,37,20.3,1.7,4.3,0.402,0.5,1.8,0.269,1.2,2.5,0.5,1.4,1.8,0.769,1.1,1.6,2.6,1.1,0.9,0.5,0.7,5.4,okogijo01
Justin Patton,23,HOU,C,13,6,19,2.2,5.4,0.414,0.7,2.6,0.265,1.5,2.8,0.556,0.2,0.3,0.75,1.1,2.7,3.8,1.1,0.9,1.1,0.3,5.4,pattoju01
Jarred Vanderbilt,21,MIN,PF,64,30,17.8,2.2,3.7,0.606,0,0.1,0.2,2.2,3.6,0.615,0.9,1.6,0.559,1.8,3.9,5.8,1.2,1,0.7,0.8,5.4,vandeja01
Mason Jones,22,2TM,SG,32,1,10.4,1.6,3.8,0.423,0.8,2.1,0.364,0.9,1.8,0.491,1.3,2,0.625,0.2,1.5,1.7,1.3,0.2,0,0.9,5.3,jonesma05
Mason Jones,22,HOU,SG,26,1,11.8,1.8,4.4,0.412,0.9,2.5,0.359,0.9,1.9,0.48,1.3,2.2,0.614,0.2,1.8,2,1.5,0.2,0,1.1,5.8,jonesma05
Mason Jones,22,PHI,SG,6,0,4.5,0.8,1.5,0.556,0.2,0.3,0.5,0.7,1.2,0.571,0.8,1.2,0.714,0.5,0.2,0.7,0.5,0.2,0,0.2,2.7,jonesma05
Willie Cauley-Stein,27,DAL,C,53,16,17.1,2.2,3.4,0.632,0,0.2,0.091,2.2,3.2,0.667,0.9,1.5,0.628,1.2,3.2,4.5,0.7,0.4,0.8,0.5,5.3,caulewi01
Jarrett Culver,21,MIN,SG,34,7,14.7,2,4.9,0.411,0.4,1.6,0.245,1.6,3.4,0.487,0.9,1.4,0.604,1,2.1,3.1,0.7,0.5,0.3,0.8,5.3,culveja01
Glenn Robinson III,27,SAC,SF,23,2,16,1.8,4.3,0.424,0.7,1.9,0.364,1.1,2.4,0.473,0.9,1,0.913,0.5,1.5,2,0.9,0.2,0.1,0.5,5.3,robingl02
Tony Snell,29,ATL,SG,47,23,21.1,1.9,3.6,0.515,1.3,2.3,0.569,0.6,1.3,0.419,0.2,0.2,1,0.4,2,2.4,1.3,0.3,0.2,0.4,5.3,snellto01
Maurice Harkless,27,2TM,SF,37,23,20.9,1.9,4.5,0.418,0.6,2.3,0.274,1.2,2.2,0.568,0.9,1.2,0.767,0.4,2.1,2.4,1.2,0.8,0.5,0.6,5.2,harklma01
Maurice Harkless,27,MIA,SF,11,3,11.3,0.5,1.2,0.385,0.5,1,0.455,0,0.2,0,0,0.2,0,0.2,1,1.2,0.6,0.2,0.4,0.3,1.4,harklma01
Maurice Harkless,27,SAC,PF,26,20,24.9,2.5,5.8,0.421,0.7,2.8,0.247,1.8,3,0.582,1.3,1.6,0.805,0.4,2.5,2.9,1.4,1.1,0.6,0.7,6.9,harklma01
D.J. Wilson,24,2TM,PF,35,1,12.4,1.9,4.8,0.405,0.9,2.5,0.345,1.1,2.3,0.469,0.5,0.7,0.68,0.6,2.6,3.2,0.7,0.3,0.5,0.6,5.2,wilsodj01
D.J. Wilson,24,MIL,PF,12,0,8.8,1.3,3.6,0.372,0.8,2.3,0.357,0.5,1.3,0.4,0.1,0.2,0.5,0.3,1.8,2.1,0.3,0.1,0.3,0.3,3.6,wilsodj01
D.J. Wilson,24,HOU,PF,23,1,14.3,2.3,5.4,0.416,0.9,2.6,0.339,1.4,2.9,0.485,0.7,1,0.696,0.7,3,3.8,0.9,0.4,0.5,0.8,6.1,wilsodj01
Alize Johnson,24,BRK,PF,18,0,10.5,2.2,3.8,0.588,0.1,0.3,0.167,2.2,3.4,0.629,0.7,0.7,1,1.5,3.5,5,0.8,0.3,0.3,0.5,5.2,johnsal02
Patrick Patterson,31,LAC,PF,38,5,15.3,1.9,4.3,0.436,1.1,2.9,0.357,0.8,1.4,0.604,0.3,0.4,0.765,0.5,1.5,2,0.8,0.4,0.2,0.3,5.2,pattepa01
Dylan Windler,24,CLE,SF,31,0,16.5,1.8,4.2,0.438,0.8,2.5,0.338,1,1.7,0.585,0.7,0.9,0.778,0.6,2.8,3.5,1.1,0.6,0.4,1,5.2,windldy01
Isaiah Hartenstein,22,2TM,C,46,2,12.2,2,3.7,0.55,0,0.1,0.333,2,3.6,0.558,1,1.5,0.648,1.4,2.5,3.9,1.2,0.4,0.8,1,5.1,harteis01
Isaiah Hartenstein,22,DEN,C,30,0,9.1,1.4,2.7,0.513,0,0,,1.4,2.7,0.513,0.7,1.2,0.611,1.3,1.5,2.8,0.5,0.4,0.7,0.7,3.5,harteis01
Isaiah Hartenstein,22,CLE,C,16,2,17.9,3.3,5.7,0.582,0.1,0.4,0.333,3.2,5.3,0.6,1.5,2.2,0.686,1.6,4.4,6,2.5,0.5,1.2,1.4,8.3,harteis01
Goga Bitadze,21,IND,C,45,3,12.5,1.8,4.3,0.428,0.4,1.8,0.253,1.4,2.6,0.548,1,1.4,0.738,1.3,2,3.3,0.8,0.2,1.3,0.4,5.1,bitadgo01
Sekou Doumbouya,20,DET,PF,56,11,15.5,1.9,5,0.379,0.5,2.1,0.226,1.4,3,0.485,0.8,1.1,0.703,0.7,1.9,2.6,0.8,0.4,0.2,0.8,5.1,doumbse01
Jake Layman,26,MIN,SF,45,11,13.9,2,4.1,0.495,0.5,1.7,0.295,1.5,2.4,0.642,0.6,0.8,0.703,0.3,1.2,1.5,0.6,0.6,0.4,0.6,5.1,laymaja01
Nerlens Noel,26,NYK,C,64,41,24.2,2.1,3.5,0.614,0,0,0,2.1,3.4,0.623,0.8,1.1,0.714,2.2,4.2,6.4,0.7,1.1,2.2,1,5.1,noelne01
Precious Achiuwa,21,MIA,PF,61,4,12.1,2,3.7,0.544,0,0,0,2,3.7,0.546,0.9,1.8,0.509,1.2,2.2,3.4,0.5,0.3,0.5,0.7,5,achiupr01
Bismack Biyombo,28,CHO,C,66,36,20.4,2.2,3.7,0.587,0,0,0,2.2,3.7,0.589,0.7,1.6,0.448,2.1,3.2,5.3,1.2,0.3,1.1,1.1,5,biyombi01
Marc Gasol,36,LAL,C,52,42,19.1,1.7,3.7,0.454,1,2.3,0.41,0.7,1.4,0.528,0.7,1,0.72,0.7,3.4,4.1,2.1,0.5,1.1,1,5,gasolma01
Trey Lyles,25,SAS,PF,23,9,15.6,1.9,3.9,0.478,0.6,1.7,0.35,1.3,2.2,0.58,0.7,1,0.652,0.4,3.3,3.7,0.6,0.3,0,0.3,5,lylestr01
Caleb Martin,25,CHO,SF,53,3,15.4,1.8,4.8,0.375,0.6,2.4,0.248,1.2,2.5,0.496,0.8,1.2,0.641,0.6,2.1,2.7,1.3,0.7,0.2,0.6,5,martica02
Jordan McLaughlin,24,MIN,PG,51,2,18.4,2,4.7,0.413,0.6,1.8,0.359,1.3,2.9,0.447,0.5,0.6,0.767,0.4,1.7,2.1,3.8,1,0.1,1,5,mclaujo01
Tyler Cook,23,2TM,SF,32,1,13.7,2.2,3.2,0.67,0,0.1,0.5,2.1,3.2,0.673,0.5,1.1,0.486,0.9,2.1,3,0.5,0.3,0.1,0.7,4.9,cookty01
Tyler Cook,23,BRK,PF,4,0,4.3,0.3,0.8,0.333,0,0,,0.3,0.8,0.333,0,0,,0.3,0.3,0.5,0.5,0,0,0.3,0.5,cookty01
Tyler Cook,23,DET,SF,28,1,15,2.4,3.6,0.68,0,0.1,0.5,2.4,3.5,0.684,0.6,1.3,0.486,1,2.4,3.3,0.5,0.3,0.1,0.7,5.5,cookty01
Brandon Goodwin,25,ATL,PG,47,5,13.2,1.8,4.7,0.377,0.7,2.2,0.311,1.1,2.6,0.433,0.6,0.9,0.651,0.2,1.3,1.5,2,0.4,0,0.8,4.9,goodwbr01
E'Twaun Moore,31,PHO,SG,27,1,14.4,2,4.5,0.455,0.4,1.3,0.314,1.6,3.2,0.512,0.4,0.5,0.857,0.5,1.1,1.7,1.5,0.6,0.2,0.9,4.9,mooreet01
Jerome Robinson,23,WAS,SG,17,6,17.9,1.6,5.6,0.295,0.6,2.5,0.262,1,3.1,0.321,0.9,1.2,0.8,0.2,2,2.2,1.5,0.7,0.4,1.1,4.9,robinje01
Langston Galloway,29,PHO,SG,40,0,11,1.7,3.7,0.449,0.9,2.1,0.424,0.8,1.6,0.484,0.6,0.6,0.957,0.2,0.9,1.1,0.7,0.2,0,0.3,4.8,gallola01
Wesley Matthews,34,LAL,SG,58,10,19.5,1.5,4.3,0.353,1.1,3.4,0.335,0.4,0.9,0.418,0.6,0.7,0.854,0.3,1.3,1.6,0.9,0.7,0.3,0.4,4.8,matthwe02
Gabe Vincent,24,MIA,PG,50,7,13.1,1.8,4.7,0.378,0.9,3,0.309,0.8,1.7,0.5,0.4,0.5,0.87,0.2,0.9,1.1,1.3,0.4,0,0.7,4.8,vincega01
Damian Jones,25,3TM,C,39,10,14,1.8,2.6,0.68,0,0.1,0.2,1.8,2.5,0.704,1.1,1.5,0.724,0.9,2.2,3.1,0.7,0.3,0.7,0.7,4.7,jonesda03
Damian Jones,25,PHO,C,14,0,6.7,0.6,1.1,0.5,0,0.1,0,0.6,1.1,0.533,0.4,0.8,0.545,0.5,0.8,1.3,0.3,0.1,0.4,0.4,1.6,jonesda03
Damian Jones,25,LAL,C,8,6,14,2,2.1,0.941,0,0,,2,2.1,0.941,1.4,1.5,0.917,1,2.3,3.3,0.1,0.1,0.9,0.6,5.4,jonesda03
Damian Jones,25,SAC,C,17,4,20.1,2.7,4.1,0.657,0.1,0.2,0.25,2.6,3.9,0.682,1.5,2.1,0.714,1.2,3.3,4.5,1.4,0.5,1,0.9,6.9,jonesda03
Troy Brown Jr.,21,2TM,SF,34,0,15.4,1.8,4.2,0.431,0.6,2.1,0.314,1.2,2.2,0.541,0.4,0.6,0.714,0.6,2.5,3.1,0.9,0.3,0.2,0.6,4.7,browntr01
Troy Brown Jr.,21,WAS,SF,21,0,13.7,1.6,4.2,0.371,0.7,2.2,0.304,0.9,2,0.442,0.5,0.7,0.667,0.5,2.4,2.9,0.9,0.1,0.2,0.8,4.3,browntr01
Troy Brown Jr.,21,CHI,SF,13,0,18.2,2.2,4.2,0.527,0.6,1.8,0.333,1.6,2.4,0.677,0.4,0.5,0.833,0.7,2.7,3.4,0.8,0.5,0.2,0.4,5.5,browntr01
Boban Marjanović,32,DAL,C,33,3,8.2,1.9,3.7,0.508,0,0.2,0.125,1.8,3.5,0.535,0.9,1.2,0.816,1.4,2.5,3.9,0.3,0.1,0.2,0.4,4.7,marjabo01
Aaron Nesmith,21,BOS,SF,46,1,14.5,1.7,3.9,0.438,0.9,2.3,0.37,0.8,1.5,0.543,0.5,0.6,0.786,0.6,2.2,2.8,0.5,0.3,0.2,0.5,4.7,nesmiaa01
Grant Williams,22,BOS,PF,63,9,18.1,1.7,3.9,0.437,0.8,2,0.372,1,1.9,0.508,0.5,0.8,0.588,0.8,2.1,2.8,1,0.5,0.4,0.9,4.7,willigr01
Nassir Little,20,POR,PF,48,2,13.3,1.6,3.5,0.467,0.6,1.7,0.35,1,1.8,0.575,0.8,0.9,0.8,0.7,2,2.7,0.5,0.1,0.3,0.4,4.6,littlna01
Semi Ojeleye,26,BOS,PF,56,15,17,1.6,3.9,0.403,1,2.8,0.367,0.6,1.1,0.492,0.4,0.6,0.75,0.6,2.1,2.6,0.7,0.3,0,0.4,4.6,ojelese01
Onyeka Okongwu,20,ATL,C,50,4,12,1.9,3,0.644,0,0.1,0,1.9,2.9,0.658,0.7,1.1,0.632,1.2,2,3.3,0.4,0.5,0.7,0.6,4.6,okongon01
JaKarr Sampson,27,IND,PF,29,4,10.9,1.9,3.9,0.496,0.1,0.5,0.2,1.8,3.4,0.541,0.7,1,0.655,0.9,1.7,2.7,0.1,0.1,0.5,0.5,4.6,sampsja02
Rodney Hood,28,2TM,SF,55,5,17.1,1.7,4.7,0.362,0.6,2.1,0.301,1.1,2.7,0.408,0.4,0.5,0.857,0.4,1.5,1.9,1,0.4,0.1,0.7,4.5,hoodro01
Rodney Hood,28,POR,SF,38,5,19.1,1.9,5.3,0.363,0.7,2.2,0.298,1.3,3.1,0.41,0.2,0.3,0.75,0.5,1.4,1.9,1.2,0.5,0.1,0.8,4.7,hoodro01
Rodney Hood,28,TOR,SF,17,0,12.7,1.2,3.5,0.356,0.5,1.7,0.31,0.7,1.8,0.4,0.9,0.9,0.938,0.3,1.5,1.8,0.4,0.2,0.2,0.3,3.9,hoodro01
Solomon Hill,29,ATL,PF,71,16,21.3,1.5,4.2,0.359,1,3,0.321,0.5,1.2,0.453,0.5,0.6,0.761,0.6,2.4,3,1.1,0.7,0.2,0.6,4.5,hillso01
Kelan Martin,25,IND,SF,35,0,9.2,1.8,3.9,0.449,0.7,1.7,0.4,1.1,2.2,0.487,0.3,0.3,0.9,0.5,1.7,2.2,0.5,0.3,0.3,0.5,4.5,martike03
Al-Farouq Aminu,30,2TM,PF,23,14,18.9,1.7,4.3,0.384,0.3,1.6,0.216,1.3,2.7,0.484,0.8,1,0.818,1,3.8,4.8,1.3,0.8,0.4,1.2,4.4,aminual01
Al-Farouq Aminu,30,ORL,PF,17,14,21.6,2.1,5.2,0.404,0.4,1.8,0.226,1.7,3.4,0.5,0.8,1,0.824,1.2,4.2,5.4,1.7,1,0.5,1.5,5.5,aminual01
Al-Farouq Aminu,30,CHI,PF,6,0,11.2,0.3,1.7,0.2,0.2,1,0.167,0.2,0.7,0.25,0.7,0.8,0.8,0.3,2.8,3.2,0.3,0.3,0,0.5,1.5,aminual01
Charlie Brown Jr.,23,OKC,SG,9,1,16.9,1.4,4.8,0.302,0.6,2.3,0.238,0.9,2.4,0.364,1,1.1,0.9,0.3,1.6,1.9,1,0.4,0.2,0.7,4.4,brownch02
Andre Iguodala,37,MIA,SF,63,5,21.3,1.5,3.9,0.383,1,2.9,0.33,0.6,1,0.53,0.4,0.6,0.658,0.6,2.9,3.5,2.3,0.9,0.6,1.1,4.4,iguodan01
Stanley Johnson,24,TOR,PF,61,13,16.5,1.5,3.8,0.382,0.7,2.2,0.328,0.7,1.6,0.458,0.7,0.9,0.8,0.5,2,2.5,1.5,0.9,0.3,0.9,4.4,johnsst04
Yuta Watanabe,26,TOR,SF,50,4,14.5,1.6,3.6,0.439,0.7,1.8,0.4,0.9,1.8,0.478,0.5,0.6,0.828,0.7,2.5,3.2,0.8,0.5,0.4,0.4,4.4,watanyu01
Chandler Hutchison,24,2TM,SF,25,1,13.8,1.6,4.1,0.379,0.3,0.9,0.364,1.2,3.2,0.383,0.8,1,0.84,0.2,2.9,3.1,0.7,0.5,0.2,0.8,4.3,hutchch01
Chandler Hutchison,24,CHI,SF,7,0,9.1,0.7,2.6,0.278,0.1,0.4,0.333,0.6,2.1,0.267,0.3,0.3,1,0.1,2.7,2.9,0.6,0.1,0,0.7,1.9,hutchch01
Chandler Hutchison,24,WAS,SF,18,1,15.7,1.9,4.7,0.4,0.4,1.1,0.368,1.5,3.7,0.409,1.1,1.3,0.826,0.3,2.9,3.2,0.7,0.6,0.3,0.8,5.2,hutchch01
Devin Cannady,24,ORL,PG,8,0,9.3,1.4,3.5,0.393,0.8,2,0.375,0.6,1.5,0.417,0.8,0.9,0.857,0,0.6,0.6,0.1,0.6,0.1,0.3,4.3,cannade01
John Konchar,24,MEM,SG,43,0,13.4,1.6,3.2,0.5,0.5,1.3,0.375,1.1,1.9,0.585,0.6,0.7,0.833,0.8,2.2,3,1.1,0.7,0.2,0.4,4.3,konchjo01
Mike Scott,32,PHI,PF,51,12,16.7,1.5,4.1,0.36,1,3,0.342,0.5,1.1,0.411,0.2,0.2,0.667,0.2,2.1,2.4,0.8,0.5,0.3,0.4,4.2,scottmi01
DaQuan Jeffries,23,2TM,SG,31,5,15.9,1.6,3.9,0.417,0.6,2.2,0.299,1,1.7,0.566,0.2,0.3,0.875,0.6,1.7,2.3,0.7,0.5,0.3,0.5,4.1,jeffrda01
DaQuan Jeffries,23,SAC,SG,18,2,12.9,1.3,3.2,0.421,0.5,1.6,0.321,0.8,1.6,0.517,0.3,0.4,0.857,0.5,1.1,1.6,0.3,0.4,0.2,0.4,3.5,jeffrda01
DaQuan Jeffries,23,HOU,SG,13,3,20.1,2,4.8,0.413,0.8,3,0.282,1.2,1.8,0.625,0.1,0.1,1,0.8,2.5,3.2,1.2,0.6,0.5,0.5,4.9,jeffrda01
Jevon Carter,25,PHO,PG,60,1,12,1.6,3.7,0.422,0.9,2.5,0.371,0.6,1.2,0.528,0.1,0.1,0.571,0.3,1.3,1.5,1.2,0.5,0.2,0.3,4.1,carteje01
Josh Hall,20,OKC,SF,21,1,16,1.4,4.7,0.303,0.2,1.8,0.108,1.2,3,0.419,1,2.1,0.5,0.3,2.5,2.8,1.3,0.2,0,1.2,4.1,halljo01
Kevon Looney,24,GSW,C,61,34,19,1.8,3.2,0.548,0.1,0.3,0.235,1.7,3,0.578,0.5,0.8,0.646,1.9,3.4,5.3,2,0.3,0.4,0.6,4.1,looneke01
Nico Mannion,19,GSW,PG,30,1,12.1,1.3,3.8,0.342,0.7,2,0.367,0.6,1.8,0.315,0.8,0.9,0.821,0.2,1.3,1.5,2.3,0.5,0,1,4.1,mannini01
Darius Miller,30,OKC,SF,18,0,10.9,1.2,2.7,0.458,0.9,2.3,0.405,0.3,0.3,0.833,0.7,0.7,1,0.1,1.2,1.3,1.2,0.7,0.3,0.4,4.1,milleda01
Lamar Stevens,23,CLE,PF,40,0,12.5,1.6,3.4,0.456,0.1,0.6,0.16,1.5,2.8,0.523,0.9,1.3,0.725,0.6,1.8,2.4,0.6,0.4,0.3,0.6,4.1,stevela01
Obi Toppin,22,NYK,PF,62,0,11,1.7,3.4,0.498,0.4,1.4,0.306,1.3,2,0.629,0.3,0.4,0.731,0.4,1.8,2.2,0.5,0.3,0.2,0.4,4.1,toppiob01
Paul Watson,26,TOR,SF,27,2,11,1.4,3,0.463,1.1,2.4,0.469,0.3,0.7,0.444,0.2,0.3,0.625,0.1,1.5,1.7,0.6,0.2,0.1,0.3,4.1,watsopa01
Jordan Bone,23,ORL,PG,14,0,14,1.6,3.9,0.426,0.7,2.3,0.313,0.9,1.6,0.591,0,0,,0.3,1.4,1.7,1.3,0.1,0,0.2,4,bonejo01
Chris Chiozza,25,BRK,PG,22,1,10.5,1.4,4,0.352,0.6,1.9,0.31,0.8,2.1,0.391,0.6,0.8,0.765,0.1,1,1.1,3,0.3,0.3,0.7,4,chiozch01
Carsen Edwards,22,BOS,SG,31,1,8.9,1.5,3.6,0.423,0.6,2,0.286,0.9,1.5,0.604,0.4,0.4,0.846,0.1,0.7,0.8,0.5,0.2,0,0.2,4,edwarca01
Udonis Haslem,40,MIA,C,1,0,3,2,2,1,0,0,,2,2,1,0,0,,0,1,1,0,0,0,0,4,hasleud01
Cody Martin,25,CHO,SF,52,10,16.3,1.6,3.6,0.441,0.3,1.1,0.276,1.3,2.5,0.515,0.5,0.8,0.581,1,2.1,3.1,1.7,0.7,0.2,0.8,4,martico01
Brodric Thomas,24,2TM,SG,32,1,12.5,1.2,3.4,0.361,0.5,1.8,0.271,0.7,1.5,0.469,1,1.4,0.674,0.3,1.4,1.7,0.9,0.5,0.3,0.7,3.9,thomabr01
Brodric Thomas,24,HOU,SG,4,0,6,0.5,1.8,0.286,0.3,1.5,0.167,0.3,0.3,1,1.3,1.8,0.714,0.3,0.8,1,1,0.3,0.3,1,2.5,thomabr01
Brodric Thomas,24,CLE,SG,28,1,13.4,1.3,3.6,0.366,0.5,1.9,0.283,0.8,1.7,0.458,0.9,1.4,0.667,0.3,1.5,1.8,0.9,0.5,0.3,0.6,4.1,thomabr01
Justin James,24,SAC,SF,36,0,8.6,1.4,3.1,0.468,0.4,1.1,0.368,1.1,2,0.521,0.6,1,0.583,0.3,0.6,0.8,0.6,0.2,0.1,0.4,3.9,jamesju01
Kevin Knox,21,NYK,SF,42,0,11,1.3,3.4,0.392,0.8,2.1,0.393,0.5,1.3,0.389,0.4,0.5,0.8,0.2,1.2,1.5,0.5,0.3,0.1,0.4,3.9,knoxke01
Matisse Thybulle,23,PHI,SG,65,8,20,1.6,3.7,0.42,0.7,2.2,0.301,0.9,1.5,0.59,0.1,0.3,0.444,0.5,1.4,1.9,1,1.6,1.1,0.5,3.9,thybuma01
Dante Exum,25,CLE,SG,6,3,19.3,1.7,4.3,0.385,0.3,1.8,0.182,1.3,2.5,0.533,0.2,0.3,0.5,0.3,2.5,2.8,2.2,0.7,0.3,1.2,3.8,exumda01
Ersan İlyasova,33,UTA,PF,17,1,8.7,1.2,3.2,0.389,1.1,2.4,0.439,0.2,0.8,0.231,0.3,0.3,1,0.4,1.3,1.7,0.2,0.6,0.2,0.5,3.8,ilyaser01
Nathan Knight,23,ATL,PF,33,0,8.5,1.1,3,0.37,0.2,1,0.182,0.9,2,0.463,1.3,1.7,0.8,0.8,1.4,2.2,0.2,0.3,0.3,0.5,3.8,knighna01
Thon Maker,23,CLE,C,8,0,9.5,1.3,2.3,0.556,0,0.3,0,1.3,2,0.625,1.3,1.4,0.909,1,1.3,2.3,0.5,0.3,0.5,0.4,3.8,makerth01
Skylar Mays,23,ATL,SG,33,0,8.2,1.3,3,0.449,0.4,1.2,0.35,0.9,1.8,0.517,0.7,0.8,0.88,0.3,0.8,1.1,0.9,0.4,0.1,0.3,3.8,mayssk01
Tremont Waters,23,BOS,PG,26,3,9.2,1.3,3.2,0.405,0.6,1.5,0.395,0.7,1.8,0.413,0.6,0.7,0.941,0.2,0.6,0.8,2.4,0.6,0,1,3.8,watertr01
P.J. Tucker,35,2TM,PF,52,33,26.1,1.3,3.4,0.373,0.8,2.3,0.336,0.5,1.1,0.448,0.4,0.5,0.75,1,2.9,3.9,1.2,0.8,0.4,0.8,3.7,tuckepj01
P.J. Tucker,35,HOU,PF,32,32,30,1.5,4.1,0.366,0.8,2.7,0.314,0.7,1.4,0.467,0.6,0.7,0.783,1,3.6,4.6,1.4,0.9,0.6,1,4.4,tuckepj01
P.J. Tucker,35,MIL,PF,20,1,19.9,0.9,2.3,0.391,0.7,1.7,0.394,0.3,0.7,0.385,0.2,0.3,0.6,0.9,1.9,2.8,0.8,0.5,0.1,0.4,2.6,tuckepj01
Isaiah Joe,21,PHI,SG,41,1,9.3,1.2,3.2,0.361,1,2.6,0.368,0.2,0.7,0.333,0.4,0.6,0.75,0.1,0.7,0.9,0.5,0.3,0.1,0.3,3.7,joeis01
Luka Šamanić,21,SAS,PF,33,4,9.3,1.4,3.2,0.448,0.4,1.3,0.279,1.1,1.9,0.565,0.5,0.9,0.552,0.5,1.6,2.1,0.5,0.2,0.2,0.6,3.7,samanlu01
Javonte Green,27,2TM,SF,41,2,11.5,1.3,2.5,0.52,0.2,0.7,0.333,1,1.8,0.597,0.7,1,0.75,0.6,1.1,1.7,0.4,0.7,0.1,0.5,3.6,greenja02
Javonte Green,27,BOS,SF,25,2,13.8,1.6,2.8,0.549,0.3,0.9,0.318,1.3,2,0.653,0.8,1.2,0.667,0.8,1.3,2.1,0.4,0.7,0.1,0.5,4.2,greenja02
Javonte Green,27,CHI,SG,16,0,8,0.9,1.9,0.452,0.2,0.5,0.375,0.7,1.4,0.478,0.6,0.6,1,0.4,0.8,1.2,0.4,0.6,0.3,0.4,2.6,greenja02
Luke Kornet,25,2TM,C,31,2,11.2,1.4,3.3,0.436,0.5,1.9,0.254,0.9,1.4,0.69,0.1,0.2,0.5,0.5,1.7,2.2,0.8,0.1,1,0.2,3.4,kornelu01
Luke Kornet,25,CHI,C,13,0,7.2,0.7,2.1,0.333,0.5,1.8,0.261,0.2,0.3,0.75,0.2,0.3,0.5,0.1,1.1,1.2,0.3,0.2,0.5,0.1,2,kornelu01
Luke Kornet,25,BOS,C,18,2,14.1,1.9,4.1,0.473,0.5,2,0.25,1.4,2.1,0.684,0.1,0.1,0.5,0.7,2.2,2.9,1.1,0.1,1.4,0.3,4.4,kornelu01
Wenyen Gabriel,23,NOP,PF,21,0,11.5,1.1,2.9,0.4,0.6,1.5,0.406,0.5,1.3,0.393,0.5,0.8,0.647,1,1.6,2.6,0.5,0.4,0.4,0.7,3.4,gabriwe01
Paul Reed,21,PHI,PF,26,0,6.8,1.6,3,0.538,0,0.2,0,1.6,2.8,0.583,0.2,0.3,0.5,1.2,1.2,2.3,0.5,0.4,0.5,0.5,3.4,reedpa01
Quinn Cook,27,2TM,PG,23,0,6.8,1.3,3,0.426,0.5,1.1,0.423,0.8,1.8,0.429,0.3,0.3,0.875,0.1,0.7,0.7,0.8,0.2,0,0.3,3.3,cookqu01
Quinn Cook,27,LAL,PG,16,0,3.9,0.8,1.6,0.462,0.3,0.8,0.385,0.4,0.8,0.538,0.3,0.3,0.8,0,0.3,0.3,0.3,0.1,0.1,0.2,2.1,cookqu01
Quinn Cook,27,CLE,PG,7,0,13.6,2.4,6,0.405,0.9,1.9,0.462,1.6,4.1,0.379,0.4,0.4,1,0.3,1.4,1.7,1.9,0.4,0,0.6,6.1,cookqu01
Meyers Leonard,28,MIA,C,3,2,9.7,1,2.3,0.429,1,2.3,0.429,0,0,,0.3,0.7,0.5,0,2.3,2.3,0.7,0,0,0.7,3.3,leoname01
Amir Coffey,23,LAC,SG,44,1,9,1,2.3,0.437,0.5,1.3,0.411,0.5,1.1,0.468,0.6,0.9,0.711,0.2,0.8,1,0.5,0.2,0,0.3,3.2,coffeam01
Zeke Nnaji,20,DEN,PF,42,1,9.5,1.2,2.5,0.481,0.6,1.4,0.407,0.6,1.1,0.578,0.3,0.4,0.8,0.3,1.2,1.5,0.2,0.2,0.1,0.2,3.2,nnajize01
Killian Tillie,22,MEM,C,18,1,10.1,1.1,3.2,0.333,0.6,1.8,0.303,0.5,1.3,0.375,0.5,0.6,0.818,0.3,1,1.3,0.4,0.3,0.4,0.1,3.2,tilliki02
Matt Thomas,26,2TM,SG,45,0,7.2,1.1,2.8,0.394,0.6,1.8,0.338,0.5,1,0.489,0.3,0.3,0.857,0.2,0.8,1,0.4,0.1,0,0.3,3.1,thomama02
Matt Thomas,26,TOR,SG,26,0,7.4,0.9,2.4,0.387,0.7,1.6,0.415,0.3,0.8,0.333,0.2,0.3,0.857,0.1,0.7,0.8,0.3,0.1,0,0.2,2.7,thomama02
Matt Thomas,26,UTA,SG,19,0,7.1,1.4,3.4,0.4,0.5,2.1,0.256,0.8,1.4,0.615,0.3,0.4,0.857,0.2,1,1.2,0.5,0.1,0,0.4,3.6,thomama02
Gary Clark,26,3TM,SF,39,11,16.8,1,3.4,0.303,0.8,2.8,0.287,0.2,0.6,0.375,0.2,0.3,0.8,0.8,2.1,2.9,0.8,0.3,0.2,0.4,3.1,clarkga01
Gary Clark,26,ORL,SF,35,11,18.2,1.1,3.7,0.305,0.9,3.1,0.287,0.3,0.7,0.391,0.2,0.3,0.8,0.9,2.3,3.2,0.9,0.3,0.2,0.5,3.4,clarkga01
Gary Clark,26,DEN,SF,2,0,2,0,0,,0,0,,0,0,,0,0,,0,0.5,0.5,0,0,0,0,0,clarkga01
Gary Clark,26,PHI,PF,2,0,6.5,0,0.5,0,0,0,,0,0.5,0,0,0,,0,1,1,0.5,0.5,0,0,0,clarkga01
Ryan Arcidiacono,26,CHI,PG,44,0,10.2,1.1,2.7,0.419,0.6,1.5,0.373,0.5,1.1,0.48,0.3,0.5,0.65,0.1,1.4,1.5,1.3,0.2,0,0.2,3.1,arcidry01
Mamadi Diakite,24,MIL,PF,14,1,10.1,1.1,2.9,0.4,0.1,0.6,0.125,1.1,2.3,0.469,0.8,1,0.786,0.6,1.9,2.4,0.6,0.5,0.4,0.2,3.1,diakima01
Anthony Gill,28,WAS,PF,26,4,8.4,1.2,2.3,0.5,0.3,0.9,0.292,0.9,1.4,0.639,0.5,0.6,0.813,0.6,1.3,2,0.4,0.4,0.2,0.3,3.1,gillan01
Romeo Langford,21,BOS,SG,18,4,15.7,1.2,3.3,0.356,0.3,1,0.278,0.9,2.3,0.39,0.5,0.7,0.75,0.7,1.3,1.9,0.7,0.3,0.3,0.6,3.1,langfro01
Alfonzo McKinnie,28,LAL,SF,39,0,6.6,1.2,2.4,0.516,0.4,1,0.41,0.8,1.4,0.593,0.3,0.5,0.556,0.6,0.8,1.4,0.2,0.2,0,0.1,3.1,mckinal01
Jahmi'us Ramsey,19,SAC,SG,13,0,7.2,1.2,2.9,0.395,0.4,1.5,0.263,0.8,1.5,0.526,0.4,0.4,1,0.2,0.6,0.8,0.5,0.3,0.1,0.2,3.1,ramseja01
Cameron Reynolds,25,2TM,SF,5,0,8,1.2,3.6,0.333,0.6,2.4,0.25,0.6,1.2,0.5,0,0,,0.4,0.6,1,0.4,0,0,0,3,reynoca01
Cameron Reynolds,25,SAS,SF,3,0,2,0.3,0.7,0.5,0,0,,0.3,0.7,0.5,0,0,,0,0,0,0,0,0,0,0.7,reynoca01
Cameron Reynolds,25,HOU,SF,2,0,17,2.5,8,0.313,1.5,6,0.25,1,2,0.5,0,0,,1,1.5,2.5,1,0,0,0,6.5,reynoca01
Nicolò Melli,30,2TM,PF,45,4,12.6,1,3.1,0.326,0.5,1.9,0.271,0.5,1.2,0.411,0.4,0.6,0.76,0.6,2.1,2.7,1,0.3,0.1,0.3,3,mellini01
Nicolò Melli,30,NOP,PF,22,0,11,0.7,2.7,0.254,0.3,1.7,0.189,0.4,1,0.364,0.3,0.3,0.857,0.5,2,2.6,1.1,0.4,0,0.3,2,mellini01
Nicolò Melli,30,DAL,PF,23,4,14.1,1.3,3.6,0.378,0.7,2.1,0.333,0.7,1.5,0.441,0.6,0.8,0.722,0.7,2.1,2.8,0.8,0.2,0.1,0.2,4,mellini01
Sam Merrill,24,MIL,SG,30,2,7.8,1.1,2.4,0.444,0.7,1.6,0.447,0.4,0.8,0.44,0.1,0.1,1,0.2,0.8,1,0.7,0.3,0,0.3,3,merrisa01
Reggie Perry,20,BRK,PF,26,0,8.1,1.2,3,0.41,0.2,0.8,0.19,1.1,2.2,0.491,0.4,0.5,0.769,1,1.8,2.8,0.5,0.2,0.2,0.6,3,perryre01
Thanasis Antetokounmpo,28,MIL,SF,57,3,9.7,1.2,2.4,0.489,0.1,0.5,0.241,1.1,1.9,0.556,0.4,0.9,0.51,0.9,1.2,2.2,0.8,0.4,0.2,0.8,2.9,antetth01
Trent Forrest,22,UTA,PG,30,0,10.1,1.1,2.4,0.451,0.2,0.9,0.192,0.9,1.5,0.6,0.6,0.6,1,0.4,1.1,1.5,1.5,0.3,0.1,0.7,2.9,forretr01
Bruno Caboclo,25,HOU,PF,6,0,6,1.3,2.8,0.471,0,0.8,0,1.3,2,0.667,0.2,0.3,0.5,0.5,1.8,2.3,0.2,0,0.3,0.7,2.8,cabocbr01
Matthew Dellavedova,30,CLE,PG,13,1,17.2,1.1,4.3,0.25,0.3,1.9,0.16,0.8,2.4,0.323,0.3,0.3,1,0.5,1.4,1.8,4.5,0.3,0.1,0.5,2.8,dellama01
Harry Giles,22,POR,C,38,0,9.2,1.1,2.6,0.433,0.2,0.6,0.348,0.9,1.9,0.459,0.4,0.7,0.593,0.8,2.7,3.5,0.8,0.2,0.3,0.5,2.8,gilesha01
Kyle Guy,23,SAC,PG,31,0,7.6,0.9,2.8,0.33,0.4,1.5,0.283,0.5,1.4,0.381,0.5,0.6,0.8,0.2,1,1.1,1,0.2,0,0.4,2.8,guyky01
Markus Howard,21,DEN,SG,37,1,5.5,1.1,2.9,0.377,0.5,1.8,0.277,0.6,1.1,0.537,0.2,0.2,0.778,0,0.5,0.6,0.5,0.1,0,0.5,2.8,howarma02
Didi Louzada,21,NOP,SF,3,0,18.7,1,4.3,0.231,0.7,2.7,0.25,0.3,1.7,0.2,0,0,,0.3,0.7,1,1,0.7,0,1,2.7,louzama01
Frank Ntilikina,22,NYK,PG,33,4,9.8,0.9,2.4,0.367,0.7,1.5,0.479,0.2,0.9,0.194,0.2,0.5,0.444,0.2,0.8,0.9,0.6,0.5,0.1,0.3,2.7,ntilila01
Keita Bates-Diop,25,SAS,SF,30,0,8.2,1,2.2,0.448,0.2,0.6,0.294,0.8,1.7,0.5,0.5,0.7,0.667,0.3,1.3,1.6,0.4,0.4,0.2,0.2,2.6,bateske01
Amida Brimah,26,IND,C,5,0,5.8,1,1.6,0.625,0,0,,1,1.6,0.625,0.6,0.6,1,0.4,1.2,1.6,0.2,0,1,0.8,2.6,brimaam01
Josh Green,20,DAL,SG,39,5,11.4,1.1,2.4,0.452,0.1,0.6,0.16,1,1.7,0.559,0.3,0.6,0.565,0.7,1.3,2,0.7,0.4,0.1,0.4,2.6,greenjo02
Grant Riller,23,CHO,PG,7,0,3.9,1.1,1.7,0.667,0.3,0.6,0.5,0.9,1.1,0.75,0,0,,0,0.1,0.1,0.4,0.1,0,0.1,2.6,rillegr01
Anderson Varejão,38,CLE,C,5,0,7.2,0.8,3.2,0.25,0,0.2,0,0.8,3,0.267,1,1.8,0.556,1.4,2.6,4,0.6,0,0.4,0.2,2.6,varejan01
Jordan Bell,26,2TM,C,6,1,13.7,1.2,3.7,0.318,0,0.3,0,1.2,3.3,0.35,0.2,0.3,0.5,1.2,2.8,4,1.2,0.5,0.8,0.7,2.5,belljo01
Jordan Bell,26,WAS,C,5,1,13.4,1.4,4,0.35,0,0.4,0,1.4,3.6,0.389,0,0,,1.2,2.6,3.8,1,0.6,0.6,0.6,2.8,belljo01
Jordan Bell,26,GSW,C,1,0,15,0,2,0,0,0,,0,2,0,1,2,0.5,1,4,5,2,0,2,1,1,belljo01
Tacko Fall,25,BOS,C,19,0,7.2,1.1,1.5,0.724,0,0,,1.1,1.5,0.724,0.3,0.8,0.333,0.8,1.9,2.7,0.2,0.1,1.1,0.3,2.5,fallta01
Rondae Hollis-Jefferson,26,POR,PF,11,1,9.7,0.8,1.6,0.5,0,0.1,0,0.8,1.5,0.529,0.8,1.5,0.563,1,1.4,2.4,1.2,0.2,0.4,0.2,2.5,holliro01
Tre Jones,21,SAS,PG,37,1,7.3,1,2.1,0.474,0.1,0.1,0.6,0.9,2,0.466,0.5,0.5,0.895,0.2,0.4,0.6,1.1,0.2,0,0.4,2.5,jonestr01
KZ Okpala,21,MIA,PF,37,9,12.1,1,2.6,0.375,0.3,1.4,0.24,0.6,1.2,0.522,0.2,0.4,0.533,0.6,1.3,1.8,0.5,0.3,0.3,0.4,2.5,okpalkz01
Gary Payton II,28,GSW,PG,10,0,4,1,1.3,0.769,0.2,0.4,0.5,0.8,0.9,0.889,0.3,0.4,0.75,0.2,0.9,1.1,0.1,0.6,0.1,0.1,2.5,paytoga02
Mfiondu Kabengele,23,2TM,PF,39,0,7.2,0.8,2.3,0.371,0.3,1.3,0.26,0.5,1,0.513,0.4,0.5,0.8,0.3,1.2,1.5,0.4,0.2,0.3,0.4,2.4,kabenmf01
Mfiondu Kabengele,23,LAC,PF,23,0,4.1,0.4,1.4,0.281,0.2,0.8,0.222,0.2,0.6,0.357,0.2,0.3,0.833,0,0.6,0.6,0.2,0.1,0.1,0.3,1.2,kabenmf01
Mfiondu Kabengele,23,CLE,PF,16,0,11.6,1.5,3.6,0.421,0.6,2,0.281,0.9,1.6,0.6,0.7,0.9,0.786,0.7,2.2,2.9,0.8,0.4,0.6,0.6,4.3,kabenmf01
Wes Iwundu,26,2TM,SF,41,4,13.1,0.8,2.5,0.333,0.1,1,0.122,0.7,1.5,0.475,0.6,0.8,0.839,0.4,1.8,2.2,0.4,0.4,0.1,0.5,2.4,iwundwe01
Wes Iwundu,26,DAL,SF,23,3,12.5,0.7,2.3,0.327,0.1,1,0.13,0.6,1.3,0.483,0.5,0.6,0.857,0.3,1.7,1.9,0.4,0.4,0.1,0.3,2.1,iwundwe01
Wes Iwundu,26,NOP,SF,18,1,13.9,0.9,2.8,0.34,0.1,1,0.111,0.8,1.8,0.469,0.8,0.9,0.824,0.5,2.1,2.6,0.4,0.3,0.1,0.7,2.8,iwundwe01
Vernon Carey Jr.,19,CHO,C,19,4,6.1,0.9,1.9,0.5,0.1,0.4,0.143,0.9,1.5,0.586,0.5,0.6,0.818,0.3,1.1,1.4,0.1,0.1,0.3,0.3,2.4,careyve01
Jeremiah Martin,24,CLE,PG,9,0,8.3,1,3.7,0.273,0.3,1.3,0.25,0.7,2.3,0.286,0.1,0.6,0.2,0.2,0.6,0.8,0.4,0.6,0.2,0.7,2.4,martije02
Rayjon Tucker,23,PHI,PG,14,0,4.9,0.6,1.3,0.5,0.1,0.5,0.286,0.5,0.8,0.636,1,1.4,0.737,0.1,0.7,0.8,0.4,0.1,0,0.3,2.4,tuckera01
Jarrell Brantley,24,UTA,PF,28,0,4.9,0.9,1.9,0.481,0.4,1,0.429,0.5,0.9,0.542,0.1,0.1,1,0.3,0.6,1,0.5,0.3,0.1,0.3,2.3,brantja01
CJ Elleby,20,POR,SF,30,0,6.4,0.8,2.2,0.379,0.2,1.1,0.206,0.6,1.1,0.563,0.4,0.5,0.733,0.4,0.7,1.1,0.3,0.2,0.1,0.2,2.3,ellebcj01
Justin Robinson,23,OKC,PG,9,0,9.8,0.8,2.3,0.333,0.4,1.6,0.286,0.3,0.8,0.429,0.3,0.6,0.6,0.1,0.7,0.8,1,0.3,0,0.2,2.3,robinju01
Quinndary Weatherspoon,24,SAS,SG,20,0,6.1,0.8,1.8,0.457,0.1,0.3,0.167,0.8,1.5,0.517,0.7,0.8,0.813,0.2,0.4,0.6,0.4,0.4,0.1,0.5,2.3,weathqu01
Bol Bol,21,DEN,PF,32,2,5,0.8,1.8,0.431,0.3,0.8,0.375,0.5,1.1,0.471,0.3,0.5,0.667,0,0.8,0.8,0.2,0.1,0.3,0.4,2.2,bolbo01
Sean McDermott,24,MEM,SF,18,0,8.8,0.7,1.8,0.394,0.3,1.2,0.227,0.4,0.6,0.727,0.4,0.4,1,0.3,0.7,1.1,0.2,0.1,0.2,0.2,2.2,mcderse01
Shaquille Harrison,27,2TM,SG,34,0,9.8,0.8,2.3,0.333,0.1,0.5,0.188,0.7,1.8,0.371,0.5,0.6,0.818,0.2,1.2,1.4,0.7,0.5,0.1,0.3,2.1,harrish01
Shaquille Harrison,27,UTA,SG,17,0,3.3,0.4,1.2,0.3,0,0.1,0,0.4,1.1,0.333,0.3,0.4,0.833,0.2,0.4,0.5,0.5,0.1,0,0.3,1,harrish01
Shaquille Harrison,27,DEN,SG,17,0,16.3,1.2,3.4,0.345,0.2,0.8,0.214,1,2.6,0.386,0.8,0.9,0.813,0.2,2.1,2.3,0.9,0.9,0.3,0.4,3.3,harrish01
Chris Silva,24,2TM,PF,15,0,6.1,0.7,1.1,0.625,0.1,0.1,1,0.6,1,0.6,0.7,1,0.733,0.5,1.3,1.8,0.4,0.1,0.4,0.7,2.1,silvach01
Chris Silva,24,MIA,PF,11,0,7.5,0.8,1.2,0.692,0.1,0.1,1,0.7,1.1,0.667,1,1.4,0.733,0.6,1.6,2.3,0.5,0.1,0.5,0.8,2.7,silvach01
Chris Silva,24,SAC,PF,4,0,2.3,0.3,0.8,0.333,0,0,,0.3,0.8,0.333,0,0,,0,0.5,0.5,0,0,0.3,0.3,0.5,silvach01
Vlatko Čančar,23,DEN,PF,41,1,6.9,0.8,1.8,0.458,0.2,0.8,0.273,0.6,1,0.615,0.2,0.3,0.769,0.3,1,1.2,0.3,0.3,0,0.3,2.1,cancavl01
Ed Davis,31,MIN,C,23,7,13,0.8,1.9,0.432,0,0,,0.8,1.9,0.432,0.4,0.5,0.833,2,3,5,0.9,0.6,0.6,0.3,2.1,davised01
Devon Dotson,21,CHI,PG,11,0,4.5,1,1.9,0.524,0.1,0.6,0.143,0.9,1.3,0.714,0,0,,0.2,0.3,0.5,0.6,0.4,0,0,2.1,dotsode01
Deividas Sirvydis,20,DET,SG,20,0,6.7,0.7,2,0.35,0.5,1.4,0.357,0.2,0.6,0.333,0.2,0.3,0.5,0,1.5,1.5,0.3,0.1,0,0.3,2.1,sirvyde01
Sindarius Thornwell,26,2TM,SG,21,1,10.3,0.7,2.2,0.326,0.3,1.1,0.304,0.4,1.1,0.348,0.2,0.4,0.5,0.1,0.7,0.9,1,0.6,0.1,0.3,2,thornsi01
Sindarius Thornwell,26,NOP,SG,14,1,5.2,0.5,1.5,0.333,0.2,0.6,0.333,0.3,0.9,0.333,0,0.1,0,0.1,0.3,0.4,0.3,0.4,0.1,0.3,1.2,thornsi01
Sindarius Thornwell,26,ORL,SG,7,0,20.6,1.1,3.6,0.32,0.6,2,0.286,0.6,1.6,0.364,0.6,0.9,0.667,0.3,1.6,1.9,2.4,1.1,0.1,0.4,3.4,thornsi01
Isaac Bonga,21,WAS,SF,40,8,10.8,0.8,2,0.37,0.3,1.2,0.277,0.4,0.9,0.5,0.1,0.2,0.625,0.5,1.2,1.7,0.6,0.3,0.2,0.6,2,bongais01
Devontae Cacok,24,LAL,PF,20,1,4.9,0.9,1.5,0.586,0,0,,0.9,1.5,0.586,0.3,0.6,0.455,0.6,1,1.6,0.1,0.3,0.2,0.3,2,cacokde01
Nate Hinton,21,DAL,SG,21,0,4.4,0.7,2,0.357,0.2,0.9,0.211,0.5,1.1,0.478,0.3,0.5,0.7,0,0.4,0.4,0.4,0.3,0.1,0.2,2,hintona01
Jontay Porter,21,MEM,PF,11,0,4.9,0.7,1.4,0.533,0.3,0.7,0.375,0.5,0.6,0.714,0.3,0.5,0.6,0.4,0.9,1.3,0.1,0.3,0.1,0.6,2,portejo01
Jalen Smith,20,PHO,PF,27,1,5.8,0.8,1.9,0.44,0.1,0.6,0.235,0.7,1.2,0.545,0.2,0.3,0.714,0.3,1.1,1.4,0.1,0,0.2,0.3,2,smithja04
Ray Spalding,23,HOU,C,2,0,9.5,1,2,0.5,0,0.5,0,1,1.5,0.667,0,1,0,1,1,2,0,0,1,1.5,2,spaldra01
Miye Oni,23,UTA,SG,54,0,9.6,0.6,1.8,0.354,0.6,1.6,0.341,0.1,0.2,0.455,0.1,0.1,0.833,0.4,1.1,1.6,0.5,0.2,0.1,0.3,1.9,onimi01
Alen Smailagić,20,GSW,PF,15,1,5.6,0.7,1.8,0.407,0.3,0.7,0.4,0.5,1.1,0.412,0.1,0.4,0.333,0.4,0.7,1.1,0.3,0.2,0.3,0.3,1.9,smailal01
Cassius Winston,22,WAS,PG,22,0,4.5,0.6,1.5,0.424,0.4,0.8,0.471,0.3,0.7,0.375,0.2,0.3,0.833,0,0.4,0.4,0.5,0.1,0,0.2,1.9,winstca01
Daniel Oturu,21,LAC,C,30,0,5.4,0.7,1.7,0.423,0,0.2,0.2,0.7,1.6,0.447,0.3,0.4,0.75,0.7,0.9,1.6,0.3,0.1,0.2,0.3,1.8,oturuda01
Axel Toupane,28,MIL,SF,8,1,7.6,0.5,1.4,0.364,0.1,0.3,0.5,0.4,1.1,0.333,0.6,0.9,0.714,0,0.8,0.8,0.5,0.3,0.4,0,1.8,toupaax01
Elijah Hughes,22,UTA,SF,18,0,3.6,0.6,1.7,0.333,0.4,1.3,0.348,0.1,0.4,0.286,0.2,0.2,0.75,0.1,0.4,0.5,0.3,0.1,0.1,0.3,1.7,hugheel01
T.J. Leaf,23,POR,PF,7,0,5,0.7,1.4,0.5,0,0,,0.7,1.4,0.5,0.3,0.3,1,0,0.7,0.7,0.1,0.3,0.1,0.3,1.7,leaftj01
James Nunnally,30,NOP,SF,9,0,5.3,0.6,1.4,0.385,0.4,1.3,0.333,0.1,0.1,1,0.1,0.2,0.5,0.2,0.8,1,0.3,0,0,0.2,1.7,nunnaja01
Tim Frazier,30,MEM,PG,5,0,12.4,0.6,4,0.15,0,1.6,0,0.6,2.4,0.25,0.4,1.2,0.333,0,1.6,1.6,3.2,0.4,0.2,0.8,1.6,fraziti01
Rodions Kurucs,22,3TM,SF,21,0,6,0.5,1.5,0.344,0.3,1,0.286,0.2,0.5,0.455,0.1,0.2,0.75,0.2,0.9,1.1,0.5,0.4,0.2,0.6,1.5,kurucro01
Rodions Kurucs,22,BRK,PF,5,0,3.2,0.2,0.6,0.333,0.2,0.4,0.5,0,0.2,0,0,0,,0,0.6,0.6,0.4,0,0,0,0.6,kurucro01
Rodions Kurucs,22,HOU,SF,11,0,6.8,0.5,1.9,0.238,0.2,1.4,0.133,0.3,0.5,0.5,0.1,0.2,0.5,0.2,0.8,1,0.4,0.5,0.4,0.8,1.2,kurucro01
Rodions Kurucs,22,MIL,SF,5,0,6.8,1,1.6,0.625,0.6,0.8,0.75,0.4,0.8,0.5,0.4,0.4,1,0.6,1.2,1.8,0.8,0.6,0,0.8,3,kurucro01
Norvel Pelle,27,3TM,C,13,0,6.5,0.6,1.2,0.533,0,0,,0.6,1.2,0.533,0.3,0.5,0.667,0.5,1,1.5,0.2,0.1,0.7,0.2,1.5,pelleno01
Norvel Pelle,27,BRK,C,3,0,9.3,1,2.3,0.429,0,0,,1,2.3,0.429,0,0,,1,1.3,2.3,0,0,1,1,2,pelleno01
Norvel Pelle,27,SAC,C,1,0,4,0,1,0,0,0,,0,1,0,3,4,0.75,1,0,1,1,0,0,0,3,pelleno01
Norvel Pelle,27,NYK,C,9,0,5.8,0.6,0.8,0.714,0,0,,0.6,0.8,0.714,0.1,0.2,0.5,0.2,1,1.2,0.1,0.1,0.7,0,1.2,pelleno01
Bruno Fernando,22,ATL,C,33,0,6.8,0.5,1.3,0.409,0,0.1,0,0.5,1.3,0.429,0.5,0.7,0.682,0.5,1.9,2.4,0.3,0.1,0.1,0.6,1.5,fernabr01
Cassius Stanley,21,IND,SG,24,0,3.9,0.5,1.8,0.302,0.1,0.5,0.231,0.4,1.3,0.333,0.3,0.4,0.778,0.3,0.5,0.8,0,0,0.1,0,1.5,stanlca01
Anthony Tolliver,35,PHI,PF,11,0,9,0.4,1.5,0.235,0.4,1.3,0.286,0,0.3,0,0.5,0.5,0.833,0.3,0.6,0.9,0.2,0.3,0.2,0.3,1.5,tollian01
Robert Woodard II,21,SAC,SF,13,0,3.5,0.6,1.5,0.4,0.1,0.5,0.167,0.5,1.1,0.5,0.2,0.6,0.375,0.3,0.9,1.2,0.2,0,0.2,0.1,1.5,woodaro01
Nate Darling,22,CHO,SG,7,0,3.7,0.3,1,0.286,0.3,1,0.286,0,0,,0.4,0.4,1,0.1,0,0.1,0.1,0,0.1,0.1,1.3,darlina01
Kris Dunn,26,ATL,PG,4,0,11.3,0.3,3,0.083,0,0.5,0,0.3,2.5,0.1,0.8,1,0.75,0,1.5,1.5,0.5,0.5,0.5,0.8,1.3,dunnkr01
Cristiano Felício,28,CHI,C,18,0,4.7,0.4,0.7,0.538,0,0.1,0,0.4,0.6,0.636,0.5,0.9,0.563,0.6,0.9,1.4,0.5,0.2,0,0.2,1.3,feliccr01
Jalen Lecque,20,IND,PG,4,0,3,0.3,2.3,0.111,0,0.3,0,0.3,2,0.125,0.8,0.8,1,0.5,0.8,1.3,0.5,0,0,0,1.3,lecquja01
Marques Bolden,22,CLE,C,6,0,4.8,0.2,0.5,0.333,0,0,,0.2,0.5,0.333,0.8,1.3,0.625,0.5,0.5,1,0,0.3,0.3,0.3,1.2,boldema01
Juwan Morgan,23,UTA,PF,29,0,5.1,0.5,1,0.467,0.1,0.4,0.308,0.3,0.6,0.588,0.1,0.2,0.429,0.3,0.7,1,0.3,0.1,0,0.1,1.2,morgaju01
Andre Roberson,29,BRK,SG,5,0,12.6,0.4,2.8,0.143,0.2,1.6,0.125,0.2,1.2,0.167,0.2,0.4,0.5,1.4,1.6,3,0.8,0.6,0.2,0.4,1.2,roberan03
Udoka Azubuike,21,UTA,C,15,0,3.8,0.3,0.6,0.444,0,0,,0.3,0.6,0.444,0.5,0.7,0.8,0.3,0.6,0.9,0,0.1,0.3,0.2,1.1,azubuud01
Karim Mané,20,ORL,PG,10,0,8.8,0.3,1.3,0.231,0.1,0.2,0.5,0.2,1.1,0.182,0.4,0.5,0.8,0.1,1.3,1.4,0.4,0,0.2,0.3,1.1,maneka01
Adam Mokoka,22,CHI,SG,14,0,4,0.5,1.4,0.368,0.1,0.7,0.1,0.4,0.6,0.667,0,0.1,0,0.1,0.3,0.4,0.4,0.1,0.1,0.4,1.1,mokokad01
Tyler Bey,22,DAL,SF,18,0,3.9,0.4,1.2,0.318,0.1,0.2,0.25,0.3,1,0.333,0.2,0.3,0.6,0.4,0.6,1.1,0.2,0,0.1,0.2,1,beyty01
Malik Fitts,23,LAC,PF,3,0,3.7,0.3,1,0.333,0.3,0.7,0.5,0,0.3,0,0,0,,0,1,1,0,0,0,0,1,fittsma01
Patrick McCaw,25,TOR,SF,5,0,6.6,0.2,0.2,1,0,0,,0.2,0.2,1,0.6,0.6,1,0.2,0.4,0.6,0.8,0.4,0,0,1,mccawpa01
Iman Shumpert,30,BRK,SG,2,0,5.5,0.5,2,0.25,0,1.5,0,0.5,0.5,1,0,0,,0.5,0,0.5,0,0.5,0,0.5,1,shumpim01
Tyrell Terry,20,DAL,PG,11,0,5.1,0.5,1.5,0.313,0,0.6,0,0.5,0.8,0.556,0.1,0.3,0.333,0,0.5,0.5,0.5,0.5,0,0.2,1,terryty01
Kostas Antetokounmpo,23,LAL,PF,15,0,3.7,0.2,0.7,0.3,0,0,,0.2,0.7,0.3,0.4,0.9,0.462,0.3,1,1.3,0.1,0.1,0.3,0.7,0.8,antetko01
Vincent Poirier,27,PHI,C,10,0,3.9,0.3,1.2,0.25,0,0.1,0,0.3,1.1,0.273,0.2,0.6,0.333,0.6,0.8,1.4,0.2,0,0.3,0.4,0.8,poirivi01
Nick Richards,23,CHO,PF,18,0,3.5,0.2,0.5,0.444,0,0.1,0,0.2,0.4,0.5,0.4,0.6,0.636,0.2,0.4,0.6,0.1,0,0,0.2,0.8,richani01
Keljin Blevins,25,POR,SF,17,0,4.4,0.3,1.2,0.25,0.1,0.5,0.25,0.2,0.7,0.25,0,0,,0.2,0.4,0.6,0.2,0.1,0,0.3,0.7,blevike01
Ty-Shon Alexander,22,PHO,SG,15,0,3.1,0.2,0.8,0.25,0.1,0.6,0.222,0.1,0.2,0.333,0.1,0.1,0.5,0.1,0.5,0.7,0.4,0,0.1,0.2,0.6,alexaty01
Brian Bowen,22,IND,SF,6,0,2.5,0.2,0.7,0.25,0,0.2,0,0.2,0.5,0.333,0.2,0.2,1,0,0.5,0.5,0,0,0,0,0.5,bowenbr02
Jared Dudley,35,LAL,PF,12,0,6.8,0.2,0.8,0.222,0.2,0.5,0.333,0,0.3,0,0,0,,0.3,1.4,1.8,0.4,0.1,0.1,0.2,0.5,dudleja01
Jared Harper,23,NYK,PG,8,0,2,0,0.5,0,0,0.1,0,0,0.4,0,0.4,0.5,0.75,0,0.3,0.3,0.1,0,0,0.4,0.4,harpeja01
Jaylen Adams,24,MIL,PG,7,0,2.6,0.1,1.1,0.125,0,0.3,0,0.1,0.9,0.167,0,0,,0,0.4,0.4,0.3,0,0,0,0.3,adamsja01
Terrance Ferguson,22,PHI,SG,13,0,3.8,0.1,0.5,0.143,0,0.4,0,0.1,0.2,0.5,0,0,,0,0.1,0.1,0.2,0.1,0,0.3,0.2,fergute01
Theo Pinson,25,NYK,SG,17,0,2,0.1,0.5,0.111,0,0.5,0,0.1,0.1,1,0,0,,0,0.3,0.3,0.1,0,0,0.1,0.1,pinsoth01
Ashton Hagans,21,MIN,PG,2,0,2,0,0,,0,0,,0,0,,0,0,,0,0,0,0,0,0,0.5,0,haganas01
Will Magnay,22,NOP,C,1,0,3,0,1,0,0,1,0,0,0,,0,0,,0,0,0,0,0,0,1,0,magnawi01
Anžejs Pasečņiks,25,WAS,C,1,0,6,0,1,0,0,1,0,0,0,,0,0,,1,0,1,1,0,0,5,0,pasecan01
Noah Vonleh,25,BRK,C,4,0,2.8,0,0.8,0,0,0.5,0,0,0.3,0,0,0,,0,0.3,0.3,0.3,0,0,0.5,0,vonleno01
Greg Whittington,27,DEN,PF,4,0,3,0,0.8,0,0,0.5,0,0,0.3,0,0,0,,0,0,0,0,0,0,0,0,whittgr01
