Joel Embiid,29,PHI,C,39,39,33.6,11.5,21.8,0.529,1.4,3.6,0.388,10.2,18.3,0.556,10.2,11.6,0.883,2.4,8.6,11,5.6,1.2,1.7,3.8,34.7,embiijo01
Luka Dončić,24,DAL,PG,70,70,37.5,11.5,23.6,0.487,4.1,10.6,0.382,7.4,13,0.573,6.8,8.7,0.786,0.8,8.4,9.2,9.8,1.4,0.5,4,33.9,doncilu01
Giannis Antetokounmpo,29,MIL,PF,73,73,35.2,11.5,18.8,0.611,0.5,1.7,0.274,11,17.1,0.645,7,10.7,0.657,2.7,8.8,11.5,6.5,1.2,1.1,3.4,30.4,antetgi01
Shai Gilgeous-Alexander,25,OKC,PG,75,75,34,10.6,19.8,0.535,1.3,3.6,0.353,9.3,16.2,0.576,7.6,8.7,0.874,0.9,4.7,5.5,6.2,2,0.9,2.2,30.1,gilgesh01
Jalen Brunson,27,NYK,PG,77,77,35.4,10.3,21.4,0.479,2.7,6.8,0.401,7.5,14.6,0.516,5.5,6.5,0.847,0.6,3.1,3.6,6.7,0.9,0.2,2.4,28.7,brunsja01
Devin Booker,27,PHO,PG,68,68,36,9.4,19.2,0.492,2.2,6.1,0.364,7.2,13,0.552,6,6.7,0.886,0.8,3.7,4.5,6.9,0.9,0.4,2.6,27.1,bookede01
Kevin Durant,35,PHO,PF,75,75,37.2,10,19.1,0.523,2.2,5.4,0.413,7.8,13.7,0.567,4.8,5.6,0.856,0.5,6.1,6.6,5,0.9,1.2,3.3,27.1,duranke01
Jayson Tatum,25,BOS,PF,74,74,35.7,9.1,19.3,0.471,3.1,8.2,0.376,6,11,0.542,5.6,6.7,0.833,0.9,7.2,8.1,4.9,1,0.6,2.5,26.9,tatumja01
De'Aaron Fox,26,SAC,PG,74,74,35.9,9.7,20.9,0.465,2.9,7.8,0.369,6.8,13.1,0.522,4.2,5.7,0.738,0.9,3.7,4.6,5.6,2,0.4,2.6,26.6,foxde01
Donovan Mitchell,27,CLE,SG,55,55,35.3,9.1,19.8,0.462,3.3,9,0.368,5.8,10.8,0.539,5,5.8,0.865,0.8,4.3,5.1,6.1,1.8,0.5,2.8,26.6,mitchdo01
Stephen Curry,35,GSW,PG,74,74,32.7,8.8,19.5,0.45,4.8,11.8,0.408,4,7.7,0.515,4,4.4,0.923,0.5,4,4.5,5.1,0.7,0.4,2.8,26.4,curryst01
Nikola Jokić,28,DEN,C,79,79,34.6,10.4,17.9,0.583,1.1,2.9,0.359,9.4,14.9,0.626,4.5,5.5,0.817,2.8,9.5,12.4,9,1.4,0.9,3,26.4,jokicni01
Anthony Edwards,22,MIN,SG,79,78,35.1,9.1,19.7,0.461,2.4,6.7,0.357,6.7,13,0.515,5.4,6.4,0.836,0.7,4.8,5.4,5.1,1.3,0.5,3.1,25.9,edwaran01
Tyrese Maxey,23,PHI,PG,70,70,37.5,9.1,20.3,0.45,3,8.1,0.373,6.1,12.1,0.501,4.7,5.4,0.868,0.5,3.2,3.7,6.2,1,0.5,1.7,25.9,maxeyty01
LeBron James,39,LAL,PF,71,71,35.3,9.6,17.9,0.54,2.1,5.1,0.41,7.5,12.8,0.592,4.3,5.7,0.75,0.9,6.4,7.3,8.3,1.3,0.5,3.5,25.7,jamesle01
Trae Young,25,ATL,PG,54,54,36,8,18.7,0.43,3.2,8.7,0.373,4.8,10,0.479,6.4,7.5,0.855,0.4,2.3,2.8,10.8,1.3,0.2,4.4,25.7,youngtr01
Kyrie Irving,31,DAL,SG,58,58,35,9.7,19.5,0.497,3,7.3,0.411,6.7,12.2,0.548,3.3,3.6,0.905,0.8,4.2,5,5.2,1.3,0.5,1.8,25.6,irvinky01
Ja Morant,24,MEM,PG,9,9,35.3,8.9,18.9,0.471,1.6,5.7,0.275,7.3,13.2,0.555,5.8,7.1,0.813,0.7,4.9,5.6,8.1,0.8,0.6,3,25.1,moranja01
Anthony Davis,30,LAL,C,76,76,35.5,9.4,16.9,0.556,0.4,1.4,0.271,9,15.5,0.582,5.5,6.8,0.816,3.1,9.5,12.6,3.5,1.2,2.3,2.1,24.7,davisan02
Damian Lillard,33,MIL,PG,73,73,35.3,7.4,17.5,0.424,3,8.5,0.354,4.4,9,0.49,6.5,7,0.92,0.5,3.9,4.4,7,1,0.2,2.6,24.3,lillada01
DeMar DeRozan,34,CHI,SF,79,79,37.8,8.2,17.2,0.48,0.9,2.8,0.333,7.3,14.3,0.509,6.6,7.7,0.853,0.5,3.8,4.3,5.3,1.1,0.6,1.7,24,derozde01
Julius Randle,29,NYK,PF,46,46,35.4,8.6,18.2,0.472,1.7,5.3,0.311,6.9,12.9,0.539,5.1,6.6,0.781,2.2,7,9.2,5,0.5,0.3,3.5,24,randlju01
LaMelo Ball,22,CHO,PG,22,22,32.3,8.3,19.2,0.433,3.2,9,0.355,5.1,10.3,0.5,4.1,4.7,0.865,1.3,3.8,5.1,8,1.8,0.2,3.8,23.9,ballla01
Desmond Bane,25,MEM,SG,42,42,34.4,8.6,18.5,0.464,3.3,8.6,0.381,5.3,9.9,0.536,3.3,3.8,0.87,0.9,3.5,4.4,5.5,1,0.5,2.7,23.7,banede01
Kawhi Leonard,32,LAC,SF,68,68,34.3,9,17.1,0.525,2.1,4.9,0.417,6.9,12.1,0.569,3.7,4.2,0.885,1.2,4.9,6.1,3.6,1.6,0.9,1.8,23.7,leonaka01
Lauri Markkanen,26,UTA,PF,55,55,33.1,7.8,16.2,0.48,3.2,8,0.399,4.6,8.2,0.559,4.5,5,0.899,2.2,5.9,8.2,2,0.9,0.5,1.4,23.2,markkla01
Jaylen Brown,27,BOS,SF,70,70,33.5,9,17.9,0.499,2.1,5.9,0.354,6.9,12.1,0.57,3,4.3,0.703,1.2,4.3,5.5,3.6,1.2,0.5,2.4,23,brownja02
Zion Williamson,23,NOP,PF,70,70,31.5,8.9,15.6,0.57,0.1,0.3,0.333,8.8,15.4,0.574,5,7.1,0.702,1.7,4.1,5.8,5,1.1,0.7,2.8,22.9,willizi01
Cade Cunningham,22,DET,PG,62,62,33.5,8.5,18.8,0.449,1.9,5.4,0.355,6.5,13.4,0.487,3.8,4.4,0.869,0.5,3.8,4.3,7.5,0.9,0.4,3.4,22.7,cunnica01
Paolo Banchero,21,ORL,PF,80,80,35,8,17.6,0.455,1.5,4.4,0.339,6.5,13.2,0.493,5.1,7,0.725,1,5.9,6.9,5.4,0.9,0.6,3.1,22.6,banchpa01
Paul George,33,LAC,PF,74,74,33.8,7.9,16.7,0.471,3.3,7.9,0.413,4.6,8.8,0.523,3.6,3.9,0.907,0.5,4.7,5.2,3.5,1.5,0.5,2.1,22.6,georgpa01
Anfernee Simons,24,POR,SG,46,46,34.4,7.8,18.2,0.43,3.4,8.8,0.385,4.4,9.4,0.472,3.5,3.9,0.916,0.5,3.2,3.6,5.5,0.5,0.1,2.7,22.6,simonan01
Jaren Jackson Jr.,24,MEM,C,66,66,32.2,7.8,17.6,0.444,1.8,5.5,0.32,6,12.1,0.501,5.1,6.3,0.808,1.3,4.2,5.5,2.3,1.2,1.6,2.4,22.5,jacksja02
Dejounte Murray,27,ATL,SG,78,78,35.7,8.6,18.8,0.459,2.6,7.1,0.363,6,11.7,0.518,2.7,3.4,0.794,0.8,4.5,5.3,6.4,1.4,0.3,2.6,22.5,murrade01
Cam Thomas,22,BRK,SG,66,51,31.4,8,18,0.442,2.2,6,0.364,5.8,12,0.481,4.3,5.1,0.856,0.4,2.8,3.2,2.9,0.7,0.2,1.9,22.5,thomaca02
Kyle Kuzma,28,WAS,PF,70,70,32.6,8.7,18.8,0.463,2.2,6.4,0.336,6.5,12.3,0.53,2.7,3.4,0.775,0.9,5.7,6.6,4.2,0.5,0.7,2.7,22.2,kuzmaky01
Karl-Anthony Towns,28,MIN,PF,62,62,32.7,7.7,15.3,0.504,2.2,5.3,0.416,5.5,10.1,0.55,4.1,4.7,0.873,1.5,6.8,8.3,3,0.7,0.7,2.9,21.8,townska01
Pascal Siakam,29,2TM,PF,80,80,33.2,8.5,15.9,0.536,1.1,3.1,0.346,7.5,12.8,0.581,3.6,5,0.732,1.7,5.3,7.1,4.3,0.8,0.3,1.8,21.7,siakapa01
Pascal Siakam,29,TOR,PF,39,39,34.7,8.3,16,0.522,1.2,3.7,0.317,7.2,12.3,0.584,4.3,5.7,0.758,1.4,4.9,6.3,4.9,0.8,0.3,2.1,22.2,siakapa01
Pascal Siakam,29,IND,PF,41,41,31.8,8.7,15.8,0.549,1,2.5,0.386,7.7,13.3,0.58,3,4.2,0.699,2.1,5.7,7.8,3.7,0.8,0.4,1.4,21.3,siakapa01
Victor Wembanyama,20,SAS,C,71,71,29.7,7.8,16.7,0.465,1.8,5.5,0.325,6,11.2,0.534,4.1,5.2,0.796,2.3,8.4,10.6,3.9,1.2,3.6,3.7,21.4,wembavi01
Jamal Murray,26,DEN,PG,59,59,31.5,8,16.7,0.481,2.5,5.8,0.425,5.6,10.9,0.51,2.7,3.1,0.853,0.7,3.4,4.1,6.5,1,0.7,2.1,21.2,murraja01
Alperen Şengün,21,HOU,C,63,63,32.5,8.4,15.6,0.537,0.5,1.8,0.297,7.8,13.8,0.567,3.9,5.6,0.693,2.9,6.4,9.3,5,1.2,0.7,2.6,21.1,sengual01
Miles Bridges,25,CHO,SF,69,67,37.4,8.1,17.5,0.462,2.3,6.5,0.349,5.8,11,0.529,2.5,3.1,0.825,1,6.3,7.3,3.3,0.9,0.5,2,21,bridgmi02
Jerami Grant,29,POR,PF,54,54,33.9,7.1,15.7,0.451,2.1,5.1,0.402,5,10.6,0.474,4.7,5.8,0.817,0.7,2.9,3.5,2.8,0.8,0.6,2.1,21,grantje01
Jimmy Butler,34,MIA,PF,60,60,34,6.6,13.2,0.499,1,2.4,0.414,5.6,10.8,0.519,6.6,7.7,0.858,1.8,3.6,5.3,5,1.3,0.3,1.7,20.8,butleji01
Tyler Herro,24,MIA,SG,42,40,33.5,7.7,17.5,0.441,3.1,7.9,0.396,4.6,9.6,0.478,2.3,2.6,0.856,0.5,4.8,5.3,4.5,0.7,0.1,2.2,20.8,herroty01
Brandon Ingram,26,NOP,SF,64,64,32.9,7.8,15.9,0.492,1.3,3.8,0.355,6.5,12.1,0.534,3.8,4.8,0.801,0.7,4.4,5.1,5.7,0.8,0.6,2.5,20.8,ingrabr01
RJ Barrett,23,2TM,SG,58,58,31.7,7.5,15.2,0.495,1.6,4.3,0.36,6,10.9,0.549,3.6,5,0.715,0.9,4.5,5.4,3.3,0.5,0.4,2.2,20.2,barrerj01
RJ Barrett,23,NYK,SG,26,26,29.5,6.3,14.9,0.423,1.7,5,0.331,4.7,9.9,0.469,4,4.8,0.831,0.7,3.5,4.3,2.4,0.5,0.3,1.8,18.2,barrerj01
RJ Barrett,23,TOR,SG,32,32,33.5,8.5,15.4,0.553,1.5,3.8,0.392,7,11.6,0.605,3.3,5.2,0.629,1.1,5.3,6.4,4.1,0.6,0.4,2.5,21.8,barrerj01
Tyrese Haliburton,23,IND,PG,69,68,32.2,7.2,15.2,0.477,2.8,7.8,0.364,4.4,7.4,0.595,2.8,3.3,0.855,0.5,3.4,3.9,10.9,1.2,0.7,2.3,20.1,halibty01
Kristaps Porziņģis,28,BOS,C,57,57,29.6,6.8,13.2,0.516,1.9,5.1,0.375,4.9,8.1,0.606,4.5,5.3,0.858,1.7,5.5,7.2,2,0.7,1.9,1.6,20.1,porzikr01
CJ McCollum,32,NOP,PG,66,66,32.7,7.3,16,0.459,3.6,8.4,0.429,3.7,7.5,0.492,1.7,2.1,0.827,0.6,3.7,4.3,4.6,0.9,0.6,1.7,20,mccolcj01
Scottie Barnes,22,TOR,SG,60,60,34.9,7.5,15.7,0.475,1.7,4.9,0.341,5.8,10.8,0.536,3.3,4.2,0.781,2.4,5.9,8.2,6.1,1.3,1.5,2.8,19.9,barnesc01
Terry Rozier,29,2TM,SG,61,60,33.4,7.2,16.4,0.443,2.4,6.7,0.363,4.8,9.6,0.498,2.8,3.2,0.869,0.6,3.5,4,5.6,1,0.3,1.7,19.8,roziete01
Terry Rozier,29,CHO,SG,30,30,35.5,8.4,18.3,0.459,2.8,7.7,0.358,5.6,10.6,0.533,3.6,4.3,0.845,0.6,3.3,3.9,6.6,1.1,0.4,2.2,23.2,roziete01
Terry Rozier,29,MIA,PG,31,30,31.5,6.1,14.5,0.423,2.1,5.7,0.371,4,8.7,0.458,2,2.2,0.913,0.6,3.6,4.2,4.6,1,0.3,1.3,16.4,roziete01
Franz Wagner,22,ORL,SF,72,72,32.5,7.3,15.2,0.482,1.3,4.6,0.281,6,10.6,0.57,3.8,4.4,0.85,1,4.3,5.3,3.7,1.1,0.4,1.9,19.7,wagnefr01
Mikal Bridges,27,BRK,SF,82,82,34.8,6.9,15.8,0.436,2.7,7.2,0.372,4.2,8.6,0.49,3.1,3.9,0.814,0.8,3.7,4.5,3.6,1,0.4,2,19.6,bridgmi01
Jalen Green,21,HOU,SG,82,82,31.7,6.9,16.2,0.423,2.5,7.4,0.332,4.4,8.9,0.498,3.5,4.3,0.804,0.5,4.7,5.2,3.5,0.8,0.3,2.3,19.6,greenja05
Zach LaVine,28,CHI,SG,25,23,34.9,6.8,15,0.452,2.4,6.8,0.349,4.4,8.3,0.536,3.5,4.1,0.854,0.3,4.8,5.2,3.9,0.8,0.3,2.1,19.5,lavinza01
Devin Vassell,23,SAS,SG,68,62,33.1,7.3,15.5,0.472,2.4,6.6,0.372,4.9,9,0.544,2.4,3,0.801,0.4,3.4,3.8,4.1,1.1,0.3,1.6,19.5,vassede01
Domantas Sabonis,27,SAC,C,82,82,35.7,7.7,13,0.594,0.4,1.1,0.379,7.3,12,0.613,3.6,5.1,0.704,3.6,10.1,13.7,8.2,0.9,0.6,3.3,19.4,sabondo01
Bam Adebayo,26,MIA,C,71,71,34,7.5,14.3,0.521,0.2,0.6,0.357,7.3,13.7,0.528,4.1,5.5,0.755,2.2,8.1,10.4,3.9,1.1,0.9,2.3,19.3,adebaba01
Coby White,23,CHI,PG,79,78,36.5,6.8,15.3,0.447,2.6,7,0.376,4.2,8.3,0.508,2.8,3.3,0.838,0.6,4,4.5,5.1,0.7,0.2,2.1,19.1,whiteco01
Jalen Williams,22,OKC,PF,71,71,31.3,7.5,14,0.54,1.5,3.4,0.427,6.1,10.6,0.576,2.5,3.1,0.814,0.5,3.5,4,4.5,1.1,0.6,1.7,19.1,willija06
Collin Sexton,25,UTA,SG,78,51,26.6,6.5,13.3,0.487,1.6,4.2,0.394,4.8,9.1,0.53,4.1,4.7,0.859,0.9,1.7,2.6,4.9,0.8,0.2,2.1,18.7,sextoco01
Bradley Beal,30,PHO,SG,53,53,33.3,7.1,13.9,0.513,1.9,4.4,0.43,5.2,9.4,0.552,2.1,2.5,0.813,1,3.4,4.4,5,1,0.5,2.5,18.2,bealbr01
Darius Garland,24,CLE,PG,57,57,33.4,6.6,14.8,0.446,2.3,6.2,0.371,4.3,8.5,0.501,2.6,3.1,0.834,0.5,2.1,2.7,6.5,1.3,0.1,3.1,18,garlada01
D'Angelo Russell,27,LAL,PG,76,69,32.7,6.5,14.2,0.456,3,7.2,0.415,3.5,7,0.497,2.1,2.5,0.828,0.4,2.7,3.1,6.3,0.9,0.5,2.1,18,russeda01
Nikola Vučević,33,CHI,C,76,74,34.3,7.7,15.9,0.484,1.2,4.1,0.294,6.5,11.8,0.55,1.4,1.7,0.822,2.8,7.8,10.5,3.3,0.7,0.8,1.6,18,vucevni01
Klay Thompson,33,GSW,SF,77,63,29.7,6.4,14.7,0.432,3.5,9,0.387,2.9,5.7,0.503,1.6,1.8,0.927,0.5,2.8,3.3,2.3,0.6,0.5,1.5,17.9,thompkl01
Jordan Poole,24,WAS,SG,78,66,30.1,6.3,15.2,0.413,2.4,7.2,0.326,3.9,8,0.492,2.5,2.8,0.877,0.4,2.3,2.7,4.4,1.1,0.3,2.4,17.4,poolejo01
Fred VanVleet,29,HOU,PG,73,73,36.8,5.8,13.9,0.416,3.1,8,0.387,2.7,5.9,0.454,2.7,3.1,0.86,0.5,3.4,3.8,8.1,1.4,0.8,1.7,17.4,vanvlfr01
Brandon Miller,21,CHO,SF,74,68,32.2,6.4,14.6,0.44,2.5,6.7,0.373,3.9,8,0.495,1.9,2.3,0.827,0.8,3.4,4.3,2.4,0.9,0.6,1.8,17.3,millebr02
Tobias Harris,31,PHI,PF,70,70,33.8,6.6,13.6,0.487,1.3,3.7,0.353,5.3,9.9,0.537,2.7,3,0.878,1.1,5.3,6.5,3.1,1,0.7,1.3,17.2,harrito02
Jordan Clarkson,31,UTA,SG,55,19,30.6,6.1,14.8,0.413,1.7,5.6,0.294,4.5,9.2,0.485,3.2,3.7,0.881,0.9,2.5,3.4,5,0.6,0.1,2.7,17.1,clarkjo01
Myles Turner,27,IND,C,77,77,27,6.2,11.8,0.524,1.5,4.2,0.358,4.7,7.6,0.615,3.2,4.1,0.773,1.5,5.5,6.9,1.3,0.5,1.9,1.4,17.1,turnemy01
Immanuel Quickley,24,2TM,SG,68,38,29.2,5.7,13.1,0.434,2.5,6.4,0.395,3.2,6.8,0.471,3.1,3.6,0.853,0.3,3.6,3.8,4.9,0.7,0.1,1.5,17,quickim01
Immanuel Quickley,24,NYK,SG,30,0,24,5.1,11.2,0.454,2.1,5.4,0.395,2.9,5.8,0.509,2.7,3.1,0.872,0.2,2.4,2.6,2.5,0.5,0.1,1,15,quickim01
Immanuel Quickley,24,TOR,PG,38,38,33.3,6.2,14.7,0.422,2.8,7.1,0.395,3.4,7.6,0.448,3.3,4,0.841,0.3,4.5,4.8,6.8,0.9,0.2,1.8,18.6,quickim01
Bogdan Bogdanović,31,ATL,SG,79,33,30.4,6,13.9,0.428,3,8.1,0.374,2.9,5.8,0.503,1.9,2.1,0.921,0.7,2.8,3.4,3.1,1.2,0.3,1.4,16.9,bogdabo01
Deandre Ayton,25,POR,C,55,55,32.4,7.8,13.6,0.57,0,0.2,0.1,7.7,13.4,0.576,1.2,1.4,0.823,3.2,7.9,11.1,1.6,1,0.8,1.8,16.7,aytonde01
Michael Porter Jr.,25,DEN,SF,81,81,31.7,6.4,13.3,0.484,2.7,6.8,0.397,3.7,6.5,0.575,1.1,1.4,0.836,1.3,5.7,7,1.5,0.5,0.7,1.1,16.7,portemi01
James Harden,34,LAC,PG,72,72,34.3,4.9,11.4,0.428,2.6,6.8,0.381,2.3,4.6,0.497,4.2,4.8,0.878,0.5,4.7,5.1,8.5,1.1,0.8,2.6,16.6,hardeja01
Jarrett Allen,25,CLE,C,77,77,31.7,6.7,10.6,0.634,0,0.1,0,6.7,10.6,0.638,3,4.1,0.742,3.2,7.4,10.5,2.7,0.7,1.1,1.6,16.5,allenja01
Chet Holmgren,21,OKC,C,82,82,29.4,6.2,11.6,0.53,1.6,4.3,0.37,4.6,7.4,0.623,2.7,3.4,0.793,1.6,6.3,7.9,2.4,0.6,2.3,1.6,16.5,holmgch01
Jonathan Kuminga,21,GSW,PF,74,46,26.3,6.2,11.6,0.529,0.7,2.2,0.321,5.4,9.4,0.578,3,4,0.746,1.2,3.6,4.8,2.2,0.7,0.5,1.6,16.1,kuminjo01
Jalen Johnson,22,ATL,SF,56,52,33.7,6.4,12.5,0.511,1.3,3.6,0.355,5.1,9,0.574,1.9,2.6,0.728,1.3,7.4,8.7,3.6,1.2,0.8,1.8,16,johnsja05
Austin Reaves,25,LAL,SG,82,57,32.1,5.6,11.5,0.486,1.9,5.1,0.367,3.7,6.3,0.583,2.8,3.3,0.853,0.7,3.6,4.3,5.5,0.8,0.3,2.1,15.9,reaveau01
Shaedon Sharpe,20,POR,SG,32,25,33.1,5.5,13.6,0.406,1.9,5.6,0.333,3.6,7.9,0.457,3.1,3.7,0.824,1.3,3.7,5,2.9,0.9,0.4,2.3,15.9,sharpsh01
Malcolm Brogdon,31,POR,PG,39,25,28.7,5.6,12.7,0.44,2.1,5.1,0.412,3.5,7.6,0.458,2.4,3,0.819,0.7,3.1,3.8,5.5,0.7,0.2,1.5,15.7,brogdma01
Keldon Johnson,24,SAS,SF,69,27,29.5,5.7,12.5,0.454,1.8,5.3,0.346,3.8,7.2,0.533,2.5,3.2,0.792,1.4,4.1,5.5,2.8,0.7,0.3,1.4,15.7,johnske04
Evan Mobley,22,CLE,PF,50,50,30.6,6.4,11,0.58,0.4,1.2,0.373,6,9.9,0.604,2.5,3.4,0.719,2.2,7.1,9.4,3.2,0.9,1.4,1.8,15.7,mobleev01
De'Andre Hunter,26,ATL,SF,57,37,29.5,5.3,11.6,0.459,2.1,5.3,0.385,3.3,6.3,0.521,2.9,3.4,0.847,0.5,3.4,3.9,1.5,0.7,0.3,1.5,15.6,huntede01
Donte DiVincenzo,27,NYK,SG,81,63,29.1,5.5,12.4,0.443,3.5,8.7,0.401,2,3.7,0.542,1.1,1.4,0.754,0.8,2.9,3.7,2.7,1.3,0.4,1.4,15.5,divindo01
Jaden Ivey,21,DET,SG,77,61,28.8,5.4,12.6,0.429,1.6,4.8,0.336,3.8,7.8,0.485,2.9,3.9,0.749,1.1,2.3,3.4,3.8,0.7,0.5,2.5,15.4,iveyja01
Malik Monk,25,SAC,SG,72,0,26,5.5,12.4,0.443,2.1,5.9,0.35,3.4,6.5,0.528,2.4,2.8,0.829,0.4,2.6,2.9,5.1,0.6,0.5,2.1,15.4,monkma01
Kelly Oubre Jr.,28,PHI,SF,68,52,30.2,5.7,12.9,0.441,1.5,4.8,0.311,4.2,8.1,0.517,2.6,3.4,0.75,1.4,3.6,5,1.5,1.1,0.7,1.3,15.4,oubreke01
Bojan Bogdanović,34,2TM,PF,57,27,25.9,5.4,11.9,0.454,2.3,5.9,0.398,3.1,6.1,0.507,2.1,2.6,0.785,0.4,2.3,2.7,1.7,0.5,0.1,1.8,15.2,bogdabo02
Bojan Bogdanović,34,DET,PF,28,27,32.9,7.1,15.2,0.468,3.1,7.4,0.415,4,7.8,0.518,2.9,3.7,0.779,0.5,2.9,3.4,2.5,0.8,0.1,2.3,20.2,bogdabo02
Bojan Bogdanović,34,NYK,SF,29,0,19.2,3.8,8.8,0.43,1.6,4.4,0.37,2.2,4.4,0.488,1.2,1.6,0.8,0.3,1.7,2,0.9,0.2,0,1.3,10.4,bogdabo02
Keegan Murray,23,SAC,SF,77,77,33.6,5.8,12.7,0.454,2.4,6.6,0.358,3.4,6,0.56,1.3,1.6,0.831,1.4,4.1,5.5,1.7,1,0.8,0.8,15.2,murrake02
Derrick White,29,BOS,SG,73,73,32.6,5.3,11.5,0.461,2.7,6.8,0.396,2.6,4.7,0.555,1.9,2.1,0.901,0.7,3.5,4.2,5.2,1,1.2,1.5,15.2,whitede01
John Collins,26,UTA,PF,68,66,28,5.8,11,0.532,1.3,3.4,0.371,4.6,7.6,0.605,2.2,2.7,0.795,2.3,6.1,8.5,1.1,0.6,0.9,1.4,15.1,collijo01
Khris Middleton,32,MIL,SF,55,55,27,5.8,11.7,0.493,1.7,4.5,0.381,4.1,7.2,0.563,1.8,2.2,0.833,0.7,3.9,4.7,5.3,0.9,0.3,2.3,15.1,middlkh01
Trey Murphy III,23,NOP,SF,57,23,29.6,4.8,10.9,0.443,3,7.8,0.38,1.9,3.1,0.602,2.2,2.6,0.815,0.7,4.2,4.9,2.2,0.9,0.5,0.6,14.8,murphtr02
OG Anunoby,26,2TM,SF,50,50,34,5.6,11.5,0.489,2,5.3,0.382,3.6,6.2,0.581,1.3,1.8,0.753,0.9,3.2,4.2,2.1,1.4,0.7,1.6,14.7,anunoog01
OG Anunoby,26,TOR,SF,27,27,33.3,5.8,11.9,0.489,2.3,6,0.374,3.6,5.9,0.608,1.2,1.7,0.717,0.9,3,3.9,2.7,1,0.5,1.6,15.1,anunoog01
OG Anunoby,26,NYK,SF,23,23,34.9,5.4,11.1,0.488,1.8,4.5,0.394,3.7,6.6,0.553,1.5,1.9,0.791,1,3.4,4.4,1.5,1.7,1,1.7,14.1,anunoog01
Deni Avdija,23,WAS,SF,75,75,30.1,5.4,10.7,0.506,1.2,3.1,0.374,4.2,7.6,0.56,2.7,3.6,0.74,1.1,6.1,7.2,3.8,0.8,0.5,2.1,14.7,avdijde01
GG Jackson II,19,MEM,PF,48,18,25.7,5,11.7,0.428,2.1,6,0.357,2.9,5.8,0.502,2.4,3.2,0.752,1.1,3,4.1,1.2,0.6,0.5,1.4,14.6,jacksgg01
Bennedict Mathurin,21,IND,SF,59,19,26.1,5,11.2,0.446,1.4,3.6,0.374,3.7,7.6,0.481,3.1,3.8,0.821,1,2.9,4,2,0.6,0.2,1.6,14.5,mathube01
Marcus Smart,29,MEM,PG,20,20,30.3,5.1,11.9,0.43,2.1,6.7,0.313,3,5.2,0.583,2.2,2.8,0.768,0.3,2.4,2.7,4.3,2.1,0.3,3.1,14.5,smartma01
Tim Hardaway Jr.,31,DAL,SF,79,12,26.8,5,12.4,0.402,2.7,7.6,0.353,2.3,4.8,0.478,1.8,2.1,0.852,0.3,2.9,3.2,1.8,0.5,0.1,0.9,14.4,hardati02
Dennis Schröder,30,2TM,PG,80,58,31.1,5,11.6,0.435,1.7,4.6,0.375,3.3,7,0.474,2.2,2.7,0.836,0.5,2.5,3,6.1,0.8,0.2,1.9,14,schrode01
Dennis Schröder,30,TOR,PG,51,33,30.6,4.8,11,0.442,1.5,4.3,0.35,3.3,6.6,0.501,2.5,2.9,0.852,0.4,2.3,2.7,6.1,0.9,0.2,1.6,13.7,schrode01
Dennis Schröder,30,BRK,PG,29,25,32,5.4,12.7,0.424,2.1,5.1,0.412,3.3,7.6,0.432,1.8,2.2,0.797,0.6,2.9,3.5,6,0.6,0.3,2.4,14.6,schrode01
Rudy Gobert,31,MIN,C,76,76,34.1,5.3,8.1,0.661,0,0,0,5.3,8,0.664,3.3,5.1,0.638,3.8,9.2,12.9,1.3,0.7,2.1,1.6,14,goberru01
Scoot Henderson,19,POR,PG,62,32,28.5,5,12.9,0.385,1.4,4.3,0.325,3.5,8.5,0.416,2.7,3.3,0.819,0.9,2.3,3.1,5.4,0.8,0.2,3.4,14,hendesc01
Caris LeVert,29,CLE,SG,68,10,28.8,5.1,12.1,0.421,1.6,4.9,0.325,3.5,7.2,0.486,2.3,3,0.766,0.6,3.5,4.1,5.1,1.1,0.5,1.7,14,leverca01
Aaron Gordon,28,DEN,PF,73,73,31.5,5.5,9.8,0.556,0.5,1.9,0.29,4.9,7.9,0.619,2.4,3.7,0.658,2.4,4.1,6.5,3.5,0.8,0.6,1.4,13.9,gordoaa01
Norman Powell,30,LAC,SG,76,3,26.2,4.9,10.1,0.486,2.2,5.1,0.435,2.7,5.1,0.536,1.9,2.3,0.831,0.2,2.4,2.6,1.1,0.6,0.3,0.9,13.9,powelno01
Jalen Duren,20,DET,C,61,60,29.1,5.7,9.2,0.619,0,0.1,0,5.7,9.2,0.623,2.3,3,0.79,3.1,8.5,11.6,2.4,0.5,0.8,2.1,13.8,durenja01
Bobby Portis,28,MIL,PF,82,4,24.5,5.7,11.2,0.508,1.2,3,0.407,4.5,8.2,0.545,1.2,1.5,0.79,1.7,5.7,7.4,1.3,0.8,0.4,1.1,13.8,portibo01
Saddiq Bey,24,ATL,SF,63,51,32.7,4.6,11.1,0.416,1.8,5.7,0.316,2.8,5.4,0.522,2.7,3.2,0.837,2.7,3.9,6.5,1.5,0.8,0.2,0.9,13.7,beysa01
Jabari Smith Jr.,20,HOU,PF,76,76,31.9,5,11,0.454,1.8,5,0.363,3.2,6,0.53,2,2.4,0.811,1.8,6.3,8.1,1.6,0.7,0.8,1.2,13.7,smithja05
Gary Trent Jr.,25,TOR,SG,71,41,28.1,5.1,11.9,0.426,2.5,6.4,0.393,2.6,5.5,0.464,1,1.4,0.771,0.4,2.3,2.6,1.7,1.1,0.1,0.7,13.7,trentga02
Rui Hachimura,25,LAL,PF,68,39,26.9,5.3,9.9,0.537,1.4,3.4,0.422,3.9,6.5,0.597,1.5,2,0.739,0.9,3.5,4.3,1.2,0.6,0.4,0.7,13.6,hachiru01
Grayson Allen,28,PHO,SG,75,74,33.5,4.5,9.1,0.499,2.7,5.9,0.461,1.8,3.2,0.57,1.7,2,0.878,0.6,3.3,3.9,3,0.9,0.6,1.3,13.5,allengr01
Naz Reid,24,MIN,C,81,14,24.2,5,10.5,0.477,2.1,5,0.414,2.9,5.5,0.535,1.3,1.8,0.736,0.9,4.3,5.2,1.3,0.8,0.9,1.4,13.5,reidna01
Cameron Johnson,27,BRK,PF,58,47,27.6,4.8,10.7,0.446,2.4,6.1,0.391,2.4,4.6,0.519,1.5,1.9,0.789,0.9,3.4,4.3,2.4,0.8,0.3,1,13.4,johnsca02
Corey Kispert,24,WAS,SF,80,22,25.8,4.8,9.9,0.486,2.3,6,0.383,2.5,3.9,0.643,1.4,2,0.726,0.4,2.4,2.8,2,0.5,0.2,1.2,13.4,kispeco01
Andrew Wiggins,28,GSW,SF,71,59,27,5,11,0.453,1.3,3.6,0.358,3.7,7.4,0.498,2,2.7,0.751,1.5,3,4.5,1.7,0.6,0.6,1.2,13.2,wiggian01
Keyonte George,20,UTA,PG,75,44,27,4.3,10.9,0.391,2,5.9,0.334,2.3,5,0.459,2.5,3,0.848,0.2,2.6,2.8,4.4,0.5,0.1,2.5,13,georgke01
P.J. Washington,25,2TM,PF,73,45,30.4,4.8,11.1,0.436,1.8,5.7,0.32,3,5.5,0.558,1.4,2,0.683,1.2,4.5,5.6,1.9,1,0.8,1.3,12.9,washipj01
P.J. Washington,25,CHO,PF,44,17,29.2,5.2,11.6,0.446,1.8,5.5,0.324,3.4,6,0.558,1.5,2.1,0.713,1.2,4.1,5.3,2.2,0.9,0.7,1.5,13.6,washipj01
P.J. Washington,25,DAL,PF,29,28,32.2,4.4,10.4,0.421,1.8,5.8,0.314,2.6,4.6,0.556,1.1,1.8,0.627,1.1,5.1,6.2,1.5,1.2,0.9,1,11.7,washipj01
Scotty Pippen Jr.,23,MEM,PG,21,16,25.1,4.8,9.7,0.493,1.4,3.4,0.417,3.3,6.2,0.534,2,2.6,0.745,1,2.1,3.2,4.7,1.7,0.5,2.7,12.9,pippesc02
Duncan Robinson,29,MIA,SF,68,36,28,4.5,9.9,0.45,2.8,7,0.395,1.7,3,0.579,1.2,1.3,0.889,0.2,2.3,2.5,2.8,0.7,0.2,1.4,12.9,robindu01
Dillon Brooks,28,HOU,SF,72,72,30.9,4.6,10.7,0.428,1.8,5.1,0.359,2.7,5.5,0.492,1.7,2,0.844,0.7,2.7,3.4,1.7,0.9,0.1,1.2,12.7,brookdi01
Mark Williams,22,CHO,C,19,19,26.7,5.2,7.9,0.649,0,0,,5.2,7.9,0.649,2.4,3.4,0.719,4,5.7,9.7,1.2,0.8,1.1,0.9,12.7,willima07
Jalen Suggs,22,ORL,SG,75,75,27,4.5,9.5,0.471,2,5.1,0.397,2.4,4.4,0.556,1.6,2.1,0.756,0.6,2.4,3.1,2.7,1.4,0.6,1.8,12.6,suggsja01
Jrue Holiday,33,BOS,PG,69,69,32.8,4.8,10,0.48,2,4.7,0.429,2.8,5.3,0.526,0.9,1,0.833,1.2,4.2,5.4,4.8,0.9,0.8,1.8,12.5,holidjr01
Brook Lopez,35,MIL,C,79,79,30.5,4.6,9.6,0.485,1.9,5.1,0.366,2.8,4.4,0.621,1.4,1.7,0.821,1.5,3.7,5.2,1.6,0.5,2.4,1,12.5,lopezbr01
Josh Giddey,21,OKC,SG,80,80,25.1,5,10.6,0.475,1,3,0.337,4,7.6,0.53,1.3,1.6,0.806,1.4,5,6.4,4.8,0.6,0.6,2.1,12.3,giddejo01
Cam Whitmore,19,HOU,SF,47,2,18.7,4.5,9.9,0.454,1.7,4.7,0.359,2.8,5.3,0.538,1.6,2.4,0.679,0.9,2.9,3.8,0.7,0.6,0.4,1,12.3,whitmca01
Harrison Barnes,31,SAC,PF,82,82,29,4.2,8.9,0.474,1.8,4.7,0.387,2.4,4.2,0.571,1.9,2.4,0.801,0.8,2.2,3,1.2,0.7,0.1,0.7,12.2,barneha02
Ayo Dosunmu,24,CHI,SG,76,37,29.1,4.7,9.5,0.501,1.6,3.9,0.403,3.2,5.6,0.568,1.1,1.4,0.81,0.7,2.1,2.8,3.2,0.9,0.5,1.4,12.2,dosunay01
Javonte Green,30,CHI,SF,9,5,25.6,5,8.3,0.6,1.1,3,0.37,3.9,5.3,0.729,1.1,1.4,0.769,2.2,5.2,7.4,0.6,1.1,0.9,0.8,12.2,greenja02
Aaron Nesmith,24,IND,SF,72,47,27.7,4.4,8.8,0.496,1.9,4.6,0.419,2.4,4.2,0.581,1.5,1.9,0.781,0.9,2.9,3.8,1.5,0.9,0.7,0.9,12.2,nesmiaa01
Max Strus,27,CLE,SF,70,70,32,4.3,10.4,0.418,2.4,6.8,0.351,1.9,3.6,0.546,1.1,1.4,0.794,0.9,3.9,4.8,4,0.9,0.4,1.6,12.2,strusma01
Jonas Valančiūnas,31,NOP,C,82,82,23.5,4.9,8.8,0.559,0.5,1.5,0.308,4.5,7.3,0.609,2,2.5,0.785,2.3,6.5,8.8,2.1,0.4,0.8,1.4,12.2,valanjo01
Buddy Hield,31,2TM,SF,84,42,25.7,4.4,10.1,0.436,2.6,6.8,0.386,1.8,3.4,0.539,0.6,0.7,0.881,0.7,2.5,3.2,2.8,0.8,0.5,1.2,12.1,hieldbu01
Buddy Hield,31,IND,SF,52,28,25.7,4.4,9.9,0.443,2.6,6.9,0.384,1.8,3.1,0.575,0.5,0.6,0.848,0.7,2.6,3.2,2.7,0.8,0.6,1.2,12,hieldbu01
Buddy Hield,31,PHI,SG,32,14,25.8,4.4,10.4,0.426,2.6,6.6,0.389,1.9,3.8,0.492,0.8,0.8,0.923,0.8,2.3,3.2,3,0.8,0.3,1.3,12.2,hieldbu01
Tyus Jones,27,WAS,PG,66,66,29.3,4.9,10.1,0.489,1.6,3.9,0.414,3.3,6.2,0.537,0.5,0.6,0.8,0.3,2.4,2.7,7.3,1.1,0.3,1,12,jonesty01
Jaime Jaquez Jr.,22,MIA,SF,75,20,28.2,4.5,9.3,0.489,0.9,2.7,0.322,3.7,6.6,0.558,1.9,2.3,0.811,1.1,2.7,3.8,2.6,1,0.3,1.5,11.9,jaqueja01
Nic Claxton,24,BRK,C,71,71,29.8,5.2,8.2,0.629,0,0.1,0.2,5.1,8.1,0.633,1.5,2.8,0.551,2.7,7.2,9.9,2.1,0.6,2.1,1.3,11.8,claxtni01
Marvin Bagley III,24,2TM,C,50,25,21.1,4.8,8.2,0.586,0.2,0.5,0.391,4.6,7.7,0.597,1.9,2.5,0.762,2.6,3.6,6.2,1.1,0.4,0.7,1.2,11.7,baglema01
Marvin Bagley III,24,DET,C,26,10,18.4,4.1,7,0.591,0,0.2,0.167,4.1,6.7,0.606,1.9,2.3,0.82,1.8,2.8,4.5,1,0.2,0.5,1.1,10.2,baglema01
Marvin Bagley III,24,WAS,C,24,15,24,5.5,9.5,0.581,0.3,0.7,0.471,5.2,8.8,0.59,1.9,2.7,0.708,3.5,4.6,8.1,1.2,0.6,0.8,1.3,13.3,baglema01
Ivica Zubac,26,LAC,C,68,68,26.4,5,7.6,0.649,0,0,,5,7.6,0.649,1.8,2.4,0.723,2.9,6.3,9.2,1.4,0.3,1.2,1.2,11.7,zubaciv01
Cole Anthony,23,ORL,PG,81,0,22.4,4.1,9.4,0.435,1.1,3.4,0.338,3,6,0.49,2.2,2.7,0.826,0.8,3,3.8,2.9,0.8,0.5,1.6,11.6,anthoco01
Jeremy Sochan,20,SAS,PF,74,73,29.6,4.6,10.5,0.438,0.9,3.1,0.308,3.6,7.4,0.492,1.5,1.9,0.771,1.9,4.6,6.4,3.4,0.8,0.5,1.9,11.6,sochaje01
Clint Capela,29,ATL,C,73,73,25.8,4.8,8.5,0.571,0,0,0,4.8,8.5,0.572,1.8,2.8,0.631,4.6,6,10.6,1.2,0.6,1.5,1,11.5,capelca01
Mike Conley,36,MIN,PG,76,76,28.9,3.9,8.5,0.457,2.4,5.3,0.442,1.5,3.1,0.481,1.3,1.5,0.911,0.5,2.4,2.9,5.9,1.2,0.2,1.3,11.4,conlemi01
Malik Beasley,27,MIL,SG,79,77,29.6,4.1,9.1,0.443,2.8,6.9,0.413,1.2,2.3,0.533,0.3,0.4,0.714,0.5,3.2,3.7,1.4,0.7,0.1,0.7,11.3,beaslma01
Brandon Clarke,27,MEM,PF,6,1,22.3,5.5,9.8,0.559,0.2,1,0.167,5.3,8.8,0.604,0.2,1.2,0.143,2.2,3.2,5.3,1.5,0.8,1,0.5,11.3,clarkbr01
Zach Collins,26,SAS,C,69,29,22.1,4.3,8.9,0.484,0.8,2.6,0.32,3.5,6.3,0.552,1.8,2.3,0.753,1.7,3.7,5.4,2.8,0.5,0.8,1.9,11.2,colliza01
De'Anthony Melton,25,PHI,SG,38,33,26.9,3.7,9.5,0.386,2,5.6,0.36,1.6,3.8,0.425,1.7,2.1,0.835,0.7,3,3.7,3,1.6,0.4,1,11.1,meltode01
Jakob Poeltl,28,TOR,C,50,50,26.4,5,7.6,0.656,0,0,,5,7.6,0.656,1.2,2.1,0.551,2.9,5.7,8.6,2.5,0.7,1.5,1.5,11.1,poeltja01
Russell Westbrook,35,LAC,PG,68,11,22.5,4.4,9.8,0.454,0.6,2.3,0.273,3.8,7.5,0.509,1.6,2.4,0.688,1.4,3.7,5,4.5,1.1,0.3,2.1,11.1,westbru01
Daniel Gafford,25,2TM,PF,74,66,24.5,4.7,6.5,0.725,0,0,,4.7,6.5,0.725,1.6,2.4,0.674,2.6,5,7.6,1.6,0.9,2.1,1,11,gaffoda01
Daniel Gafford,25,WAS,C,45,45,26.5,4.5,6.5,0.69,0,0,,4.5,6.5,0.69,1.9,2.6,0.706,2.9,5.1,8,1.5,1,2.2,1,10.9,gaffoda01
Daniel Gafford,25,DAL,PF,29,21,21.5,5,6.4,0.78,0,0,,5,6.4,0.78,1.2,1.9,0.607,2.2,4.7,6.9,1.6,0.7,1.9,1,11.2,gaffoda01
Wendell Carter Jr.,24,ORL,C,55,48,25.6,4.1,7.7,0.525,1.2,3.1,0.374,2.9,4.6,0.626,1.7,2.4,0.694,2,4.9,6.9,1.7,0.6,0.5,1.2,11,cartewe01
Eric Gordon,35,PHO,SG,68,24,27.8,4,9.1,0.443,2.2,5.8,0.378,1.8,3.3,0.561,0.8,0.9,0.797,0.2,1.6,1.8,2,1,0.4,1.1,11,gordoer01
Herbert Jones,25,NOP,SF,76,76,30.5,3.9,7.7,0.498,1.5,3.6,0.418,2.4,4.1,0.568,1.8,2.1,0.867,1,2.6,3.6,2.6,1.4,0.8,1.2,11,joneshe01
Luke Kennard,27,MEM,SG,39,22,25.6,3.6,8.1,0.448,2.7,6.1,0.45,0.9,2,0.442,1,1.2,0.889,0.3,2.6,2.9,3.5,0.5,0.1,1.4,11,kennalu01
Luguentz Dort,24,OKC,SF,79,79,28.4,3.6,8.3,0.438,2,5,0.394,1.7,3.3,0.506,1.6,2,0.826,0.9,2.7,3.6,1.4,0.9,0.6,0.9,10.9,dortlu01
Jusuf Nurkić,29,PHO,C,76,76,27.3,4.2,8.3,0.51,0.3,1.2,0.244,3.9,7.1,0.555,2.2,3.4,0.64,2.9,8.1,11,4,1.1,1.1,2.3,10.9,nurkiju01
Isaiah Stewart,22,DET,PF,46,45,30.9,4,8.3,0.487,1.5,3.8,0.383,2.6,4.5,0.575,1.4,1.8,0.753,1.6,5,6.6,1.6,0.4,0.8,1.4,10.9,stewais01
Moritz Wagner,26,ORL,C,80,1,17.7,4.2,6.9,0.601,0.5,1.4,0.33,3.7,5.5,0.673,2.1,2.6,0.814,1.5,2.9,4.3,1.2,0.5,0.3,1.2,10.9,wagnemo01
Bruce Brown,27,2TM,SG,67,44,27.9,4.1,8.7,0.478,0.8,2.4,0.323,3.4,6.2,0.538,1.7,2.1,0.824,0.8,3.4,4.2,2.9,0.9,0.3,1.3,10.8,brownbr01
Bruce Brown,27,IND,SG,33,33,29.7,4.5,9.5,0.475,1,3.1,0.327,3.5,6.5,0.545,2,2.5,0.817,0.8,3.9,4.7,3,1.1,0.2,1.2,12.1,brownbr01
Bruce Brown,27,TOR,PG,34,11,26,3.8,7.9,0.481,0.6,1.9,0.317,3.2,6,0.532,1.5,1.8,0.833,0.8,3,3.8,2.7,0.7,0.3,1.3,9.6,brownbr01
Jake LaRavia,22,MEM,PF,35,6,23,3.4,8.7,0.389,1.5,4.5,0.34,1.9,4.2,0.442,2.6,3.1,0.826,1.5,2.2,3.7,1.7,0.8,0.3,1.3,10.8,laravja01
Santi Aldama,23,MEM,PF,61,35,26.5,4,9.3,0.435,1.7,5,0.349,2.3,4.3,0.534,0.9,1.4,0.621,1.2,4.6,5.8,2.3,0.7,0.9,1.1,10.7,aldamsa01
Simone Fontecchio,28,2TM,SF,66,43,24.9,3.8,8.3,0.46,2,5.1,0.401,1.8,3.2,0.551,0.8,1,0.818,1,2.8,3.7,1.5,0.7,0.3,1,10.5,fontesi01
Simone Fontecchio,28,UTA,SF,50,34,23.2,3.2,7.2,0.45,1.8,4.7,0.391,1.4,2.5,0.56,0.6,0.8,0.8,1,2.5,3.5,1.5,0.6,0.4,1,8.9,fontesi01
Simone Fontecchio,28,DET,SF,16,9,30.3,5.7,11.9,0.479,2.7,6.3,0.426,3,5.6,0.539,1.4,1.6,0.846,0.8,3.6,4.4,1.8,0.9,0.3,1.1,15.4,fontesi01
Spencer Dinwiddie,30,2TM,PG,76,52,28.3,3.3,8.4,0.392,1.6,4.8,0.337,1.7,3.6,0.467,2.2,2.8,0.805,0.4,2.3,2.7,4.7,0.7,0.3,1.2,10.5,dinwisp01
Spencer Dinwiddie,30,BRK,PG,48,48,30.7,4.1,10.4,0.391,1.9,5.8,0.32,2.2,4.6,0.48,2.6,3.3,0.781,0.5,2.8,3.3,6,0.8,0.2,1.3,12.6,dinwisp01
Spencer Dinwiddie,30,LAL,PG,28,4,24.2,2,5,0.397,1.3,3.2,0.389,0.8,1.8,0.412,1.6,1.8,0.88,0.1,1.5,1.7,2.4,0.5,0.5,1,6.8,dinwisp01
Jaden McDaniels,23,MIN,SF,72,71,29.2,4.3,8.7,0.489,1.2,3.5,0.337,3.1,5.2,0.592,0.8,1.1,0.722,0.8,2.3,3.1,1.4,0.9,0.6,1.2,10.5,mcdanja02
Alec Burks,32,2TM,SG,66,1,18.4,3.2,8.6,0.369,1.9,5,0.376,1.3,3.6,0.36,2.2,2.5,0.868,0.4,1.9,2.3,1.3,0.4,0.2,0.7,10.4,burksal01
Alec Burks,32,DET,SG,43,0,21,3.7,9.4,0.394,2.3,5.7,0.401,1.4,3.7,0.384,2.8,3.1,0.903,0.4,2.2,2.6,1.6,0.5,0.3,0.7,12.6,burksal01
Alec Burks,32,NYK,SG,23,1,13.5,2.2,7.1,0.307,1.1,3.6,0.301,1.1,3.5,0.313,1,1.4,0.727,0.3,1.4,1.7,0.9,0.3,0,0.7,6.5,burksal01
Dalano Banton,24,2TM,PG,54,9,19.4,3.7,9.3,0.404,1.1,3.7,0.296,2.6,5.6,0.475,1.7,2.2,0.783,0.8,2.5,3.3,2.4,0.6,0.4,1.4,10.3,bantoda01
Dalano Banton,24,BOS,PG,24,1,7.1,0.8,2.1,0.373,0.1,0.7,0.125,0.7,1.5,0.486,0.7,0.8,0.8,0.5,1,1.5,0.8,0.2,0.1,0.4,2.3,bantoda01
Dalano Banton,24,POR,PG,30,8,29.2,6.1,15,0.408,1.9,6.1,0.311,4.2,8.9,0.474,2.6,3.3,0.78,1,3.8,4.8,3.6,0.9,0.6,2.2,16.7,bantoda01
Grant Williams,25,2TM,PF,76,43,28,3.6,8,0.456,1.7,4.4,0.375,2,3.5,0.558,1.4,1.8,0.757,1.1,3.1,4.2,2.3,0.6,0.5,1.4,10.3,willigr01
Grant Williams,25,DAL,PF,47,33,26.4,2.8,6.7,0.413,1.7,4.5,0.376,1.1,2.3,0.486,0.9,1.2,0.745,1,2.6,3.6,1.7,0.5,0.6,1.1,8.1,willigr01
Grant Williams,25,CHO,PF,29,10,30.6,5,9.9,0.503,1.6,4.3,0.373,3.4,5.6,0.605,2.2,2.9,0.765,1.4,3.8,5.1,3.2,0.7,0.4,1.9,13.9,willigr01
Obi Toppin,25,IND,PF,82,28,21.1,4,7.1,0.573,1.2,3.1,0.403,2.8,4,0.706,0.9,1.2,0.77,1,2.9,3.9,1.6,0.6,0.5,0.8,10.3,toppiob01
Kevin Huerter,25,SAC,SG,64,59,24.4,3.9,8.8,0.443,1.9,5.3,0.361,2,3.4,0.571,0.6,0.7,0.766,0.6,2.9,3.5,2.6,0.7,0.4,0.8,10.2,huertke01
Reggie Jackson,33,DEN,PG,82,23,22.2,4,9.2,0.431,1.2,3.5,0.359,2.7,5.8,0.475,1,1.2,0.806,0.4,1.5,1.9,3.8,0.5,0.2,1.3,10.2,jacksre01
T.J. McConnell,31,IND,PG,71,4,18.2,4.6,8.4,0.556,0.3,0.6,0.409,4.4,7.7,0.568,0.7,0.9,0.79,0.5,2.2,2.7,5.5,1,0.1,1.5,10.2,mccontj01
Onyeka Okongwu,23,ATL,C,55,8,25.5,4.1,6.6,0.611,0.4,1.3,0.333,3.6,5.4,0.676,1.7,2.1,0.793,2.6,4.2,6.8,1.3,0.5,1.1,0.8,10.2,okongon01
Kentavious Caldwell-Pope,30,DEN,SG,76,76,31.6,3.6,7.7,0.46,1.6,4.1,0.406,1.9,3.7,0.52,1.3,1.5,0.894,0.4,2,2.4,2.4,1.3,0.6,1,10.1,caldwke01
Alex Caruso,29,CHI,SG,71,57,28.7,3.6,7.6,0.468,1.9,4.7,0.408,1.6,2.9,0.563,1,1.4,0.76,0.9,3,3.8,3.5,1.7,1,1.4,10.1,carusal01
Talen Horton-Tucker,23,UTA,PG,51,11,19.8,3.6,9.1,0.396,1.2,3.6,0.33,2.4,5.5,0.438,1.7,2.1,0.807,0.4,2,2.4,3.5,0.9,0.4,1.3,10.1,hortota01
Tre Jones,24,SAS,PG,77,48,27.8,3.9,7.8,0.505,0.8,2.5,0.335,3.1,5.3,0.584,1.3,1.5,0.856,0.8,3,3.8,6.2,1,0.1,1.5,10,jonestr01
Caleb Martin,28,MIA,SF,64,23,27.4,3.8,8.7,0.431,1.3,3.6,0.349,2.5,5.1,0.489,1.2,1.5,0.778,1.2,3.2,4.4,2.2,0.7,0.5,1.2,10,martica02
Patrick Williams,22,CHI,PF,43,30,27.3,3.7,8.3,0.443,1.4,3.4,0.399,2.3,4.9,0.474,1.2,1.5,0.788,1.1,2.8,3.9,1.5,0.9,0.8,1.3,10,willipa01
Vince Williams Jr.,23,MEM,SG,52,33,27.6,3.3,7.3,0.446,1.5,4,0.378,1.7,3.3,0.529,2,2.5,0.8,1.1,4.4,5.6,3.4,0.9,0.7,1.8,10,willivi01
Josh Richardson,30,MIA,SG,43,6,25.7,3.6,8.1,0.444,1.5,4.4,0.347,2,3.7,0.561,1.2,1.3,0.944,0.4,2.4,2.8,2.4,0.6,0.3,0.8,9.9,richajo01
Jalen Smith,23,IND,C,61,14,17.2,3.8,6.5,0.592,1,2.4,0.424,2.8,4.1,0.689,1.2,1.7,0.692,1.8,3.7,5.5,1,0.3,0.6,0.7,9.9,smithja04
Gordon Hayward,33,2TM,SF,51,28,24.4,3.7,7.9,0.464,0.7,1.8,0.411,2.9,6.1,0.479,1.7,2.4,0.742,0.7,2.8,3.5,3.1,0.8,0.3,1.3,9.8,haywago01
Gordon Hayward,33,CHO,SF,25,25,31.9,5.6,11.9,0.468,0.9,2.4,0.361,4.7,9.4,0.496,2.5,3.2,0.765,1,3.7,4.7,4.6,1.1,0.5,2,14.5,haywago01
Gordon Hayward,33,OKC,SF,26,3,17.2,1.8,4.1,0.453,0.6,1.1,0.517,1.3,3,0.429,1,1.5,0.692,0.5,2,2.5,1.6,0.5,0,0.6,5.3,haywago01
Kelly Olynyk,32,2TM,C,78,27,22.6,3.5,6.4,0.555,0.8,2,0.387,2.8,4.4,0.632,1.9,2.3,0.833,1.4,3.9,5.3,4.4,0.9,0.4,1.9,9.8,olynyke01
Kelly Olynyk,32,UTA,C,50,8,20.4,2.9,5.2,0.562,0.7,1.7,0.429,2.2,3.5,0.626,1.6,1.9,0.842,1.3,3.8,5.1,4.4,0.7,0.2,1.6,8.1,olynyke01
Kelly Olynyk,32,TOR,C,28,19,26.4,4.7,8.5,0.548,0.9,2.5,0.338,3.8,6,0.637,2.5,3,0.824,1.6,4,5.6,4.6,1.3,0.6,2.5,12.7,olynyke01
Tari Eason,22,HOU,PF,22,0,21.8,4,8.6,0.466,0.8,2.3,0.36,3.2,6.3,0.504,1,1.5,0.636,2.1,4.9,7,1.2,1.4,0.9,0.9,9.8,easonta01
Nick Richards,26,CHO,C,67,51,26.3,3.9,5.6,0.691,0,0,0,3.9,5.6,0.693,2,2.7,0.737,2.6,5.5,8,0.8,0.4,1.1,1.1,9.7,richani01
Lonnie Walker IV,25,BRK,SG,58,0,17.4,3.6,8.5,0.423,1.8,4.7,0.384,1.8,3.8,0.471,0.8,1,0.763,0.2,2,2.2,1.3,0.6,0.3,0.9,9.7,walkelo01
Payton Pritchard,26,BOS,PG,82,5,22.3,3.6,7.7,0.468,1.8,4.7,0.385,1.8,3.1,0.593,0.6,0.7,0.821,0.9,2.4,3.2,3.4,0.5,0.1,0.7,9.6,pritcpa01
Amen Thompson,21,HOU,SF,62,23,22.4,3.9,7.2,0.536,0.1,0.9,0.138,3.7,6.3,0.595,1.7,2.5,0.684,2.4,4.2,6.6,2.6,1.3,0.6,1.5,9.5,thompam01
Josh Hart,28,NYK,SF,81,42,33.4,3.6,8.4,0.434,1,3.2,0.31,2.7,5.2,0.511,1.1,1.4,0.791,1.6,6.8,8.3,4.1,0.9,0.3,1.5,9.4,hartjo01
Georges Niang,30,CLE,PF,82,10,22.3,3.5,7.7,0.449,1.8,4.8,0.376,1.6,2.9,0.572,0.6,0.7,0.85,0.3,3.1,3.4,1.2,0.4,0.2,0.9,9.4,niangge01
Isaac Okoro,23,CLE,SF,69,42,27.3,3.4,7,0.49,1.2,3.1,0.391,2.2,3.8,0.57,1.3,2,0.679,1,2,3,1.9,0.8,0.5,0.8,9.4,okorois01
Tre Mann,22,2TM,PG,41,28,24.1,3.5,7.7,0.459,1.1,3.1,0.373,2.4,4.6,0.516,1.1,1.4,0.763,0.5,3.1,3.6,4,1.2,0.1,1.6,9.3,manntr01
Tre Mann,22,OKC,PG,13,0,9.2,1.5,3.1,0.5,0.6,1.5,0.421,0.9,1.6,0.571,0.1,0.1,1,0.3,1.5,1.8,1.5,0.2,0,0.7,3.8,manntr01
Tre Mann,22,CHO,PG,28,28,31,4.5,9.9,0.453,1.4,3.8,0.364,3.1,6,0.509,1.6,2.1,0.759,0.6,3.9,4.5,5.2,1.7,0.1,2,11.9,manntr01
Malaki Branham,20,SAS,PG,75,29,21.3,3.6,8.4,0.432,1.2,3.6,0.347,2.4,4.8,0.494,0.7,0.8,0.873,0.4,1.6,2,2.1,0.4,0.1,1.2,9.2,branhma01
Andrew Nembhard,24,IND,PG,68,47,25,3.8,7.7,0.498,0.9,2.5,0.357,2.9,5.2,0.567,0.7,0.8,0.804,0.5,1.5,2.1,4.1,0.9,0.1,1.5,9.2,nembhan01
Chris Paul,38,GSW,PG,58,18,26.4,3.6,8.1,0.441,1.3,3.6,0.371,2.2,4.4,0.498,0.7,0.9,0.827,0.3,3.6,3.9,6.8,1.2,0.1,1.3,9.2,paulch01
Brandin Podziemski,20,GSW,SG,74,28,26.6,3.7,8.1,0.454,1.2,3.2,0.385,2.4,4.9,0.499,0.7,1.1,0.633,1.6,4.2,5.8,3.7,0.8,0.2,1.2,9.2,podzibr01
Duop Reath,27,POR,C,68,20,17.9,3.4,7.3,0.461,1.3,3.6,0.359,2.1,3.7,0.559,1,1.4,0.742,1.4,2.3,3.7,1,0.5,0.6,0.8,9.1,reathdu01
Sam Hauser,26,BOS,SF,79,13,22,3.2,7.1,0.446,2.5,5.9,0.424,0.7,1.2,0.559,0.2,0.2,0.895,0.6,2.9,3.5,1,0.5,0.3,0.4,9,hausesa01
Taurean Prince,29,LAL,PF,78,49,27,3.2,7.3,0.442,1.8,4.6,0.396,1.4,2.8,0.519,0.6,0.9,0.735,0.3,2.7,2.9,1.5,0.7,0.4,0.9,8.9,princta02
Jabari Walker,21,POR,SF,72,23,23.6,3.3,7.1,0.46,0.6,1.9,0.295,2.7,5.1,0.522,1.8,2.4,0.754,2.1,5,7.1,1,0.6,0.3,0.9,8.9,walkeja01
Dereck Lively II,19,DAL,C,55,42,23.5,4,5.4,0.747,0,0,0,4,5.3,0.752,0.7,1.5,0.506,2.5,4.4,6.9,1.1,0.7,1.4,0.9,8.8,livelde01
Kevin Love,35,MIA,PF,55,5,16.8,2.9,6.5,0.44,1.5,4.4,0.344,1.3,2.1,0.643,1.5,2,0.787,1.1,5.1,6.1,2.1,0.3,0.2,0.9,8.8,loveke01
Terance Mann,27,LAC,SG,75,71,25,3.4,6.6,0.515,0.9,2.7,0.348,2.4,3.9,0.633,1.1,1.3,0.832,1.2,2.2,3.4,1.6,0.6,0.2,0.6,8.8,mannte01
Ausar Thompson,21,DET,SF,63,38,25.1,3.7,7.6,0.483,0.3,1.8,0.186,3.3,5.8,0.575,1.1,1.9,0.597,2,4.3,6.4,1.9,1.1,0.9,1.3,8.8,thompau01
Draymond Green,33,GSW,PF,55,52,27.1,3.4,6.8,0.497,0.9,2.3,0.395,2.4,4.4,0.551,1,1.3,0.73,1.4,5.9,7.2,6,1,0.9,2.5,8.6,greendr01
Al Horford,37,BOS,C,65,33,26.8,3.3,6.4,0.511,1.7,4,0.419,1.6,2.5,0.658,0.4,0.5,0.867,1.3,5.1,6.4,2.6,0.6,1,0.7,8.6,horfoal01
Derrick Jones Jr.,26,DAL,SF,76,66,23.5,3.1,6.5,0.483,1.1,3.1,0.343,2.1,3.4,0.613,1.3,1.8,0.713,1.1,2.2,3.3,1,0.7,0.7,0.9,8.6,jonesde02
Gradey Dick,20,TOR,SG,60,17,21.1,3.2,7.4,0.425,1.5,4,0.365,1.7,3.4,0.495,0.7,0.9,0.863,0.5,1.8,2.2,1.1,0.6,0,0.8,8.5,dickgr01
Dorian Finney-Smith,30,BRK,PF,68,56,28.4,3.2,7.5,0.421,1.7,4.9,0.348,1.4,2.6,0.56,0.5,0.7,0.717,1.6,3.1,4.7,1.6,0.8,0.6,0.9,8.5,finnedo01
Tristan Vukcevic,20,WAS,C,10,4,15.3,2.9,6.7,0.433,1,3.6,0.278,1.9,3.1,0.613,1.7,2.2,0.773,0.6,3,3.6,1.3,0.5,0.7,1,8.5,vukcetr01
Bilal Coulibaly,19,WAS,SF,63,15,27.2,3,6.9,0.435,1,2.9,0.346,2,3.9,0.502,1.5,2.1,0.702,0.9,3.2,4.1,1.7,0.9,0.8,1.4,8.4,coulibi01
Andre Drummond,30,CHI,C,79,10,17.1,3.4,6.1,0.556,0,0,0,3.4,6,0.56,1.6,2.8,0.592,3.4,5.6,9,0.5,0.9,0.6,1,8.4,drumman01
Miles McBride,23,NYK,PG,68,14,19.5,3,6.7,0.452,1.6,3.9,0.41,1.4,2.8,0.511,0.6,0.7,0.86,0.5,1,1.5,1.7,0.7,0.1,0.4,8.3,mcbrimi01
Marcus Sasser,23,DET,PG,71,11,19,3.1,7.2,0.428,1.3,3.4,0.375,1.8,3.8,0.474,0.8,0.9,0.879,0.2,1.6,1.8,3.3,0.6,0.2,1.3,8.3,sassema01
Josh Green,23,DAL,SG,57,33,26.4,3.1,6.6,0.479,1.3,3.3,0.385,1.9,3.3,0.572,0.7,1,0.684,0.7,2.5,3.2,2.3,0.8,0.2,1.1,8.2,greenjo02
Isaiah Joe,24,OKC,SG,78,1,18.5,2.8,6.2,0.458,1.9,4.5,0.416,1,1.7,0.568,0.6,0.7,0.865,0.4,1.9,2.3,1.3,0.6,0.3,0.6,8.2,joeis01
Ziaire Williams,22,MEM,SF,51,15,20.4,2.9,7.4,0.397,1.1,3.7,0.307,1.8,3.7,0.487,1.2,1.5,0.827,0.7,2.8,3.5,1.5,0.7,0.2,1.3,8.2,willizi02
Kyle Lowry,37,2TM,PG,60,55,28.2,2.7,6.3,0.432,1.6,4.2,0.392,1.1,2.1,0.512,1.1,1.3,0.84,0.6,2.7,3.2,4.2,1,0.4,1.4,8.1,lowryky01
Kyle Lowry,37,MIA,PG,37,35,28,2.8,6.5,0.426,1.7,4.4,0.385,1.1,2.2,0.506,0.9,1.1,0.833,0.7,2.8,3.5,4,1.1,0.4,1.4,8.2,lowryky01
Kyle Lowry,37,PHI,PG,23,20,28.4,2.6,5.9,0.444,1.6,3.9,0.404,1,2,0.522,1.2,1.4,0.848,0.4,2.4,2.8,4.6,0.9,0.3,1.4,8,lowryky01
Walker Kessler,22,UTA,C,64,22,23.3,3.6,5.5,0.654,0.1,0.3,0.211,3.5,5.2,0.68,0.9,1.5,0.602,2.6,4.9,7.5,0.9,0.5,2.4,1,8.1,kesslwa01
Moses Moody,21,GSW,SG,66,9,17.5,2.9,6.4,0.462,1.1,3,0.36,1.8,3.3,0.555,1.1,1.4,0.785,1,2,3,0.9,0.6,0.4,0.7,8.1,moodymo01
Nickeil Alexander-Walker,25,MIN,SG,82,20,23.4,2.9,6.6,0.439,1.6,4.1,0.391,1.3,2.5,0.517,0.6,0.8,0.8,0.4,1.6,2,2.5,0.8,0.5,0.9,8,alexani01
Sam Merrill,27,CLE,SG,61,1,17.5,2.6,6.4,0.402,2.3,5.8,0.404,0.2,0.6,0.385,0.4,0.5,0.929,0.4,1.6,2,1.8,0.3,0.1,0.3,8,merrisa01
Derrick Rose,35,MEM,PG,24,7,16.6,3.2,6.9,0.461,0.6,1.7,0.366,2.5,5.2,0.492,1,1.1,0.889,0.3,1.6,1.9,3.3,0.3,0.1,1.3,8,rosede01
Dario Šarić,29,GSW,C,64,9,17.2,2.8,6.1,0.466,1.2,3.1,0.376,1.7,3,0.56,1.2,1.5,0.849,1.1,3.3,4.4,2.3,0.5,0.2,1.2,8,saricda01
Trayce Jackson-Davis,23,GSW,PF,68,16,16.6,3.4,4.9,0.702,0,0,0,3.4,4.9,0.704,1.1,1.9,0.561,2,3,5,1.2,0.4,1.1,0.7,7.9,jackstr02
Dante Exum,28,DAL,PG,55,17,19.8,2.9,5.5,0.533,1,2,0.491,2,3.5,0.557,1,1.2,0.779,0.5,2.3,2.7,2.9,0.4,0.1,0.9,7.8,exumda01
Markelle Fultz,25,ORL,PG,43,18,21.2,3.6,7.6,0.472,0.1,0.4,0.222,3.5,7.2,0.487,0.5,0.8,0.697,1.3,1.9,3.2,2.8,1,0.3,1.2,7.8,fultzma01
Isaiah Hartenstein,25,NYK,C,75,49,25.3,3.1,4.9,0.644,0,0,0.333,3.1,4.8,0.646,1.5,2.1,0.707,3.3,5.1,8.3,2.5,1.2,1.1,1.2,7.8,harteis01
Jordan Hawkins,21,NOP,SG,67,10,17.3,2.6,6.8,0.382,1.6,4.4,0.366,1,2.4,0.411,1,1.2,0.838,0.4,1.8,2.2,1,0.3,0.1,0.6,7.8,hawkijo01
Royce O'Neale,30,2TM,SF,79,14,24.7,2.7,6.8,0.397,2,5.3,0.37,0.7,1.5,0.496,0.3,0.4,0.686,0.8,4,4.8,2.8,0.7,0.6,0.9,7.7,onealro01
Royce O'Neale,30,BRK,SF,49,6,24.5,2.6,6.6,0.388,2,5.4,0.366,0.6,1.2,0.483,0.3,0.4,0.682,0.8,3.7,4.5,2.8,0.7,0.6,1,7.4,onealro01
Royce O'Neale,30,PHO,SF,30,8,25.1,2.9,7.1,0.411,2,5.2,0.376,1,1.9,0.509,0.3,0.4,0.692,0.7,4.5,5.2,2.7,0.9,0.5,0.7,8.1,onealro01
RaiQuan Gray,24,SAS,PF,3,0,13,3.3,5.7,0.588,1,2.3,0.429,2.3,3.3,0.7,0,0,,0.7,1.7,2.3,2,0.3,0.3,0.3,7.7,grayra01
Nikola Jović,20,MIA,PF,46,38,19.5,2.8,6.1,0.452,1.4,3.5,0.399,1.3,2.6,0.525,0.7,1,0.702,0.5,3.6,4.2,2,0.5,0.3,0.9,7.7,jovicni01
Precious Achiuwa,24,2TM,PF,74,18,21.9,3.2,6.3,0.501,0.4,1.3,0.268,2.8,5,0.562,0.9,1.5,0.616,2.6,4,6.6,1.3,0.6,0.9,1.1,7.6,achiupr01
Precious Achiuwa,24,TOR,C,25,0,17.5,3.1,6.8,0.459,0.5,1.9,0.277,2.6,4.9,0.528,1,1.7,0.571,2,3.4,5.4,1.8,0.6,0.5,1.2,7.7,achiupr01
Precious Achiuwa,24,NYK,PF,49,18,24.2,3.2,6.1,0.525,0.3,1,0.26,2.9,5.1,0.578,0.9,1.4,0.643,2.9,4.3,7.2,1.1,0.6,1.1,1.1,7.6,achiupr01
Toumani Camara,23,POR,PF,70,49,24.8,2.8,6.3,0.45,0.8,2.5,0.337,2,3.8,0.523,1.1,1.4,0.758,2,2.9,4.9,1.2,0.9,0.5,1.2,7.5,camarto01
Cody Martin,28,CHO,SF,28,22,26.9,2.9,7.7,0.381,1,3.1,0.314,2,4.6,0.426,0.7,1.2,0.606,0.7,3.2,3.9,3.7,1.1,0.6,1.6,7.5,martico01
Brice Sensabaugh,20,UTA,SF,32,11,18.3,2.7,6.8,0.39,1.1,3.6,0.296,1.6,3.2,0.495,1.2,1.3,0.902,0.5,2.7,3.2,1.7,0.4,0.2,1.5,7.5,sensabr01
Cameron Payne,29,2TM,PG,78,10,16.7,2.7,6.2,0.432,1.3,3.4,0.39,1.3,2.7,0.486,0.7,0.9,0.866,0.3,1.2,1.5,2.6,0.5,0.1,0.8,7.4,payneca01
Cameron Payne,29,MIL,PG,47,2,14.9,2.1,4.7,0.455,1.1,2.8,0.397,1,1.9,0.538,0.8,0.9,0.841,0.1,1.2,1.3,2.3,0.5,0.1,0.7,6.2,payneca01
Cameron Payne,29,PHI,PG,31,8,19.4,3.5,8.4,0.413,1.7,4.4,0.382,1.8,4,0.447,0.7,0.7,0.913,0.5,1.3,1.8,3.1,0.6,0.3,1.1,9.3,payneca01
Christian Braun,22,DEN,SG,82,4,20.2,2.7,5.9,0.46,0.8,2,0.384,1.9,3.9,0.498,1.1,1.6,0.694,1,2.8,3.7,1.6,0.5,0.4,0.7,7.3,braunch01
Jaden Hardy,21,DAL,SG,73,7,13.5,2.7,6.6,0.407,1.1,3.1,0.362,1.6,3.5,0.447,0.8,1,0.776,0.3,1.5,1.8,1.5,0.3,0.1,0.8,7.3,hardyja02
Taylor Hendricks,20,UTA,PF,40,23,21.4,2.7,6,0.45,1.3,3.5,0.379,1.4,2.5,0.55,0.6,0.7,0.793,1.2,3.5,4.6,0.8,0.7,0.8,0.7,7.3,hendrita0
Paul Reed,24,PHI,C,82,24,19.4,3.2,5.9,0.54,0.3,0.7,0.368,2.9,5.2,0.563,0.7,1,0.718,2.4,3.6,6,1.3,0.8,1,0.8,7.3,reedpa01
Lamar Stevens,26,2TM,PF,38,3,14.7,2.8,6.3,0.45,0.4,1.2,0.304,2.5,5.1,0.485,1.1,1.4,0.778,0.9,2.4,3.3,0.7,0.6,0.6,0.6,7.2,stevela01
Lamar Stevens,26,BOS,PF,19,1,6.4,1.1,2.4,0.467,0.2,0.4,0.375,0.9,1.9,0.486,0.4,0.6,0.727,0.6,1,1.6,0.4,0.3,0.3,0.5,2.8,stevela01
Lamar Stevens,26,MEM,PF,19,2,23,4.6,10.3,0.446,0.6,2,0.289,4,8.3,0.484,1.8,2.3,0.791,1.3,3.8,5.1,1.1,0.9,0.9,0.8,11.5,stevela01
Johnny Juzang,22,UTA,SG,20,5,18.6,2.6,5.5,0.464,1.6,3.9,0.416,1,1.7,0.576,0.5,0.7,0.714,0.4,1.5,1.8,1.2,0.2,0.1,0.7,7.2,juzanjo01
Kevin Knox,24,DET,SF,31,11,18.1,2.8,6,0.462,1,3,0.33,1.8,3,0.598,0.6,0.7,0.909,0.6,1.8,2.4,0.7,0.4,0.2,0.7,7.2,knoxke01
Trey Lyles,28,SAC,PF,58,0,20,2.5,5.5,0.445,1.4,3.8,0.384,1,1.8,0.578,0.8,1.2,0.7,1.1,3.4,4.4,1.2,0.3,0.3,0.7,7.2,lylestr01
Jose Alvarado,25,NOP,PG,56,0,18.4,2.5,6.2,0.412,1.4,3.7,0.377,1.1,2.5,0.464,0.6,0.9,0.673,0.4,1.8,2.3,2.1,1.1,0.3,0.7,7.1,alvarjo01
Naji Marshall,26,NOP,SF,66,1,19,2.6,5.6,0.463,0.9,2.3,0.387,1.7,3.3,0.516,1,1.3,0.791,0.8,2.8,3.6,1.9,0.7,0.2,1,7.1,marshna01
Landry Shamet,26,WAS,SG,46,5,15.8,2.6,6,0.431,1.2,3.4,0.338,1.4,2.5,0.556,0.8,1,0.826,0.3,1,1.3,1.2,0.5,0.2,0.7,7.1,shamela01
James Wiseman,22,DET,C,63,6,17.3,3,4.8,0.613,0,0,0,3,4.8,0.617,1.1,1.6,0.706,1.7,3.6,5.3,0.9,0.2,0.6,1,7.1,wisemja01
Vasilije Micić,30,2TM,PG,60,21,19.6,2.7,6.2,0.43,0.7,2.6,0.279,1.9,3.6,0.537,1,1.3,0.813,0.2,1.2,1.5,4.4,0.5,0.1,1.7,7,micicva01
Vasilije Micić,30,OKC,PG,30,0,12,1.2,3,0.407,0.4,1.5,0.244,0.9,1.5,0.565,0.5,0.6,0.737,0,0.8,0.8,2.5,0.3,0.1,1,3.3,micicva01
Vasilije Micić,30,CHO,PG,30,21,27.2,4.1,9.3,0.437,1.1,3.6,0.294,3,5.7,0.529,1.6,1.9,0.839,0.4,1.7,2.1,6.2,0.7,0.1,2.3,10.8,micicva01
Jordan Nwora,25,2TM,SF,52,1,13.7,2.7,5.8,0.462,0.8,2.5,0.336,1.8,3.2,0.56,0.8,1,0.83,0.5,2.3,2.9,1.2,0.5,0.3,1,7,nworajo01
Jordan Nwora,25,IND,SF,18,0,10.2,2.1,4.6,0.451,0.6,2,0.306,1.4,2.6,0.565,0.5,0.6,0.818,0.4,1.4,1.8,1,0.3,0.1,0.7,5.2,nworajo01
Jordan Nwora,25,TOR,SF,34,1,15.6,3,6.4,0.465,1,2.8,0.347,2,3.6,0.557,1,1.2,0.833,0.6,2.8,3.4,1.3,0.6,0.4,1.2,7.9,nworajo01
Quentin Grimes,23,2TM,SG,51,18,20.1,2.4,6.4,0.372,1.6,4.7,0.338,0.8,1.7,0.466,0.7,0.9,0.756,0.3,1.7,2,1.3,0.7,0.1,0.5,7,grimequ01
Quentin Grimes,23,NYK,SG,45,18,20.2,2.5,6.4,0.395,1.7,4.7,0.363,0.8,1.6,0.486,0.5,0.8,0.706,0.3,1.6,2,1.2,0.7,0.1,0.5,7.3,grimequ01
Quentin Grimes,23,DET,SG,6,0,19.2,1.5,7,0.214,0.7,4.7,0.143,0.8,2.3,0.357,1.7,1.8,0.909,0.2,1.8,2,2.3,0.8,0.7,1.2,5.3,grimequ01
Javon Freeman-Liberty,24,TOR,PG,22,6,18.3,2.5,5.6,0.444,0.5,1.9,0.238,2,3.7,0.549,1.5,1.6,0.917,0.7,2.5,3.2,1.8,0.5,0.2,1.1,7,freemja01
Evan Fournier,31,2TM,SG,32,0,18.1,2.5,6.9,0.357,1,4.1,0.254,1.4,2.8,0.505,0.9,1.1,0.806,0.2,1.7,1.8,1.5,0.9,0.2,0.7,6.9,fournev01
Evan Fournier,31,NYK,SG,3,0,13,1.3,6.7,0.2,0.7,5,0.133,0.7,1.7,0.4,0.7,0.7,1,0,1.3,1.3,1,1.3,0,0.3,4,fournev01
Evan Fournier,31,DET,SG,29,0,18.7,2.6,6.9,0.373,1.1,4,0.27,1.5,3,0.512,0.9,1.2,0.794,0.2,1.7,1.9,1.6,0.9,0.2,0.7,7.2,fournev01
Gary Harris,29,ORL,SG,54,27,24,2.4,5.5,0.441,1.4,3.8,0.371,1,1.7,0.598,0.6,0.8,0.756,0.4,1.2,1.7,1.6,0.9,0.3,0.6,6.9,harriga01
Killian Hayes,22,DET,PG,42,31,24,2.8,6.7,0.413,0.5,1.8,0.297,2.3,5,0.455,0.8,1.2,0.66,0.3,2.6,2.8,4.9,0.9,0.5,1.2,6.9,hayeski01
Bones Hyland,23,LAC,PG,37,5,14.6,2.6,6.8,0.386,1.2,3.6,0.326,1.4,3.1,0.457,0.5,0.6,0.783,0.1,1.4,1.5,2.5,0.7,0.1,1.2,6.9,hylanbo01
Mãozinha Pereira,23,MEM,SF,7,1,17.4,2.6,5,0.514,0.7,1.9,0.385,1.9,3.1,0.591,1,1.4,0.7,1.6,3.7,5.3,0.3,0.9,0.6,0.7,6.9,pereima01
Trendon Watford,23,BRK,PF,63,2,13.6,2.6,4.9,0.527,0.4,1.1,0.397,2.2,3.9,0.564,1.2,1.5,0.794,0.8,2.3,3.1,1.3,0.4,0.3,1,6.9,watfotr01
Aaron Wiggins,25,OKC,SG,78,4,15.7,2.7,4.8,0.562,0.8,1.6,0.492,1.9,3.2,0.598,0.7,0.9,0.789,0.8,1.6,2.4,1.1,0.7,0.2,0.7,6.9,wiggiaa01
Christian Wood,28,LAL,PF,50,1,17.4,2.5,5.3,0.466,0.7,2.3,0.307,1.8,3,0.587,1.3,1.9,0.702,0.8,4.3,5.1,1,0.3,0.7,1,6.9,woodch01
Trey Jemison,24,2TM,C,25,14,22.9,3,5.4,0.551,0,0,,3,5.4,0.551,0.8,1,0.84,2.6,2.8,5.4,1.1,0.5,1.1,1.4,6.8,jemistr01
Trey Jemison,24,WAS,C,2,0,0.5,0,0,,0,0,,0,0,,0,0,,0,0.5,0.5,0,0,0,0.5,0,jemistr01
Trey Jemison,24,MEM,C,23,14,24.9,3.3,5.9,0.551,0,0,,3.3,5.9,0.551,0.9,1.1,0.84,2.8,3,5.8,1.2,0.5,1.2,1.4,7.4,jemistr01
Julian Champagnie,22,SAS,SF,74,59,19.8,2.2,5.4,0.408,1.4,3.7,0.365,0.9,1.7,0.504,1,1.2,0.815,0.6,2.2,2.8,1.4,0.6,0.6,0.8,6.8,champju02
Jonathan Isaac,26,ORL,PF,58,2,15.8,2.5,4.9,0.51,0.7,1.9,0.375,1.8,3,0.598,1,1.4,0.72,1.3,3.2,4.5,0.5,0.7,1.2,0.5,6.8,isaacjo01
Cedi Osman,28,SAS,SF,72,3,17.6,2.6,5.3,0.479,1.2,3.1,0.389,1.4,2.3,0.601,0.5,0.7,0.673,0.3,2.2,2.5,1.7,0.5,0.2,0.7,6.8,osmande01
Day'Ron Sharpe,22,BRK,C,61,1,15.1,2.8,4.8,0.571,0.1,0.2,0.267,2.7,4.6,0.588,1.2,2,0.61,2.6,3.7,6.4,1.4,0.4,0.7,1.1,6.8,sharpda01
Cason Wallace,20,OKC,SG,82,13,20.6,2.6,5.4,0.491,1.2,2.9,0.419,1.5,2.5,0.572,0.4,0.5,0.784,0.6,1.6,2.3,1.5,0.9,0.5,0.5,6.8,wallaca01
Robert Williams,26,POR,C,6,0,19.8,2.8,4.3,0.654,0,0,,2.8,4.3,0.654,1.2,1.5,0.778,1.8,4.5,6.3,0.8,1.2,1.2,1.2,6.8,williro04
Dāvis Bertāns,31,2TM,PF,43,1,15.7,2.1,5.4,0.393,1.8,4.7,0.38,0.4,0.8,0.471,0.7,0.8,0.909,0.2,1.2,1.4,0.8,0.6,0.3,0.4,6.7,bertada01
Dāvis Bertāns,31,OKC,PF,15,0,6.1,0.7,1.7,0.385,0.7,1.6,0.417,0,0.1,0,0.9,1,0.933,0.1,0.5,0.7,0.6,0.2,0.2,0.1,2.9,bertada01
Dāvis Bertāns,31,CHO,PF,28,1,20.8,2.9,7.4,0.394,2.4,6.3,0.375,0.6,1.1,0.5,0.6,0.6,0.889,0.3,1.6,1.8,0.9,0.8,0.3,0.6,8.8,bertada01
Jahmi'us Ramsey,22,TOR,SG,7,1,17.3,2.6,5.9,0.439,0.9,3.1,0.273,1.7,2.7,0.632,0.7,0.9,0.833,0.6,2.6,3.1,1.1,1,0,1,6.7,ramseja01
Peyton Watson,21,DEN,SF,80,4,18.6,2.6,5.6,0.465,0.6,1.9,0.296,2,3.7,0.553,0.9,1.3,0.67,0.7,2.5,3.2,1.1,0.5,1.1,0.7,6.7,watsope01
Amir Coffey,26,LAC,SF,70,13,20.9,2.4,5,0.472,1,2.6,0.38,1.4,2.4,0.571,0.9,1,0.859,0.4,1.7,2.1,1.1,0.6,0.2,0.5,6.6,coffeam01
Aaron Holiday,27,HOU,PG,78,1,16.3,2.4,5.3,0.446,1.1,2.8,0.387,1.3,2.6,0.51,0.7,0.8,0.921,0.3,1.3,1.6,1.8,0.5,0.1,0.7,6.6,holidaa01
Dennis Smith Jr.,26,BRK,PG,56,2,18.9,2.6,6,0.435,0.6,1.9,0.294,2.1,4.1,0.502,0.8,1,0.741,0.9,2,2.9,3.6,1.2,0.2,1.2,6.6,smithde03
Chimezie Metu,26,2TM,C,51,12,16.8,2.4,4.8,0.504,0.5,1.8,0.298,1.9,2.9,0.633,1.1,1.3,0.906,0.8,3,3.8,0.9,0.8,0.3,1,6.5,metuch01
Chimezie Metu,26,PHO,C,37,5,12.1,1.8,3.5,0.508,0.4,1.4,0.294,1.4,2.1,0.646,1,1.2,0.884,0.6,2.3,3,0.5,0.5,0.2,0.7,5,metuch01
Chimezie Metu,26,DET,C,14,7,29.4,4.1,8.1,0.5,0.9,3.1,0.302,3.1,5.1,0.62,1.4,1.5,0.952,1.2,4.8,6,1.9,1.7,0.5,1.8,10.5,metuch01
Jordan Goodwin,25,2TM,PG,57,12,18.5,2.5,6.7,0.369,0.7,2.5,0.298,1.7,4.2,0.411,0.8,1,0.746,1.5,2.9,4.4,2.7,0.8,0.3,1,6.5,goodwjo01
Jordan Goodwin,25,PHO,PG,40,0,14,1.9,4.8,0.389,0.6,2,0.288,1.3,2.8,0.46,0.6,0.7,0.862,1,1.9,2.9,2,0.6,0.2,0.7,5,goodwjo01
Jordan Goodwin,25,MEM,PG,17,12,29.2,3.9,11.1,0.349,1.1,3.6,0.311,2.8,7.5,0.367,1.1,1.8,0.633,2.8,5.2,8,4.5,1.5,0.5,1.6,10,goodwjo01
David Roddy,22,2TM,PF,65,13,18.1,2.5,6.3,0.403,0.7,2.5,0.293,1.8,3.8,0.478,0.7,1,0.691,0.8,2.4,3.2,1.2,0.4,0.2,0.9,6.5,roddyda01
David Roddy,22,MEM,PF,48,13,23.2,3.2,8,0.402,1,3.3,0.301,2.3,4.8,0.47,1,1.4,0.687,1.1,3.1,4.2,1.6,0.5,0.2,1.1,8.4,roddyda01
David Roddy,22,PHO,PF,17,0,3.7,0.6,1.4,0.435,0.1,0.5,0.125,0.5,0.9,0.6,0.1,0.1,1,0.1,0.5,0.6,0.2,0.1,0,0.2,1.3,roddyda01
David Duke Jr.,24,SAS,SG,4,0,12.8,2.5,4.5,0.556,0.8,1.5,0.5,1.8,3,0.583,0.8,0.8,1,0.5,2,2.5,1.3,0.5,0,0.8,6.5,dukeda01
Jeff Green,37,HOU,PF,78,6,16.8,2.1,4.7,0.456,0.7,2.1,0.331,1.5,2.6,0.553,1.6,1.9,0.819,0.6,1.7,2.3,0.9,0.2,0.4,0.6,6.5,greenje02
Isaiah Jackson,22,IND,C,59,3,13.1,2.6,3.9,0.665,0,0.1,0,2.6,3.9,0.677,1.2,1.7,0.716,1.6,2.4,4,0.8,0.6,1,0.7,6.5,jacksis01
Marcus Morris,34,2TM,PF,49,7,16.7,2.4,5.4,0.439,1,2.4,0.403,1.4,3,0.469,0.7,0.9,0.818,0.5,2.3,2.7,0.7,0.3,0.3,0.6,6.4,morrima03
Marcus Morris,34,PHI,PF,37,7,17.2,2.4,5.5,0.439,1,2.4,0.4,1.5,3.1,0.47,0.8,1,0.861,0.5,2.5,2.9,0.7,0.4,0.3,0.5,6.7,morrima03
Marcus Morris,34,CLE,PF,12,0,15,2.2,4.9,0.441,1,2.4,0.414,1.2,2.5,0.467,0.4,0.7,0.625,0.4,1.7,2.1,0.8,0.2,0.2,0.9,5.8,morrima03
Kyle Anderson,30,MIN,PF,79,10,22.6,2.5,5.5,0.46,0.1,0.6,0.229,2.4,4.9,0.488,1.2,1.7,0.708,0.8,2.7,3.5,4.2,0.9,0.6,1.2,6.4,anderky01
Chris Boucher,31,TOR,PF,50,0,14.1,2.2,4.3,0.507,0.6,1.9,0.33,1.6,2.5,0.642,1.4,1.8,0.772,1.2,2.9,4.1,0.5,0.3,0.5,0.6,6.4,bouchch01
Jared Butler,23,WAS,SG,40,0,14.2,2.5,5,0.488,0.6,2,0.308,1.9,3.1,0.602,0.8,0.9,0.861,0.2,1.2,1.5,3.2,0.7,0.2,1.3,6.3,butleja02
Bruno Fernando,25,ATL,C,45,2,15.2,2.4,4.2,0.583,0,0.1,0,2.4,4.1,0.596,1.4,2.1,0.667,1.3,3,4.3,1,0.6,0.6,1,6.3,fernabr01
Daniel Theis,31,2TM,C,60,3,16.9,2.6,4.9,0.532,0.4,1.2,0.366,2.2,3.7,0.586,0.6,0.8,0.76,1.4,2.7,4.1,1,0.4,0.9,0.7,6.3,theisda01
Daniel Theis,31,IND,C,1,0,8,1,4,0.25,0,1,0,1,3,0.333,0,0,,0,0,0,0,0,0,0,2,theisda01
Daniel Theis,31,LAC,C,59,3,17.1,2.6,4.9,0.536,0.4,1.2,0.371,2.2,3.7,0.589,0.6,0.8,0.76,1.4,2.7,4.1,1,0.4,0.9,0.7,6.3,theisda01
Jaylen Nowell,24,2TM,SG,13,1,16.5,2.6,6,0.436,0.5,2.2,0.207,2.2,3.8,0.571,0.5,0.7,0.778,0.5,1.4,1.8,1.5,0.3,0.2,0.5,6.2,nowelja01
Jaylen Nowell,24,MEM,SG,9,1,17.3,2.4,6.1,0.4,0.4,2.6,0.174,2,3.6,0.563,0.3,0.3,1,0.3,1.2,1.6,1.8,0.3,0,0.6,5.7,nowelja01
Jaylen Nowell,24,DET,SG,4,0,14.5,3,5.8,0.522,0.5,1.5,0.333,2.5,4.3,0.588,1,1.5,0.667,0.8,1.8,2.5,0.8,0.3,0.5,0.5,7.5,nowelja01
Patrick Beverley,35,2TM,PG,73,13,20,2.2,5.2,0.417,0.8,2.5,0.337,1.3,2.7,0.49,1,1.2,0.822,0.7,2.6,3.3,2.9,0.6,0.4,0.9,6.2,beverpa01
Patrick Beverley,35,PHI,PG,47,5,19.6,2.2,5.1,0.432,0.7,2.3,0.321,1.5,2.8,0.523,1.1,1.3,0.81,0.6,2.4,3.1,3.1,0.5,0.4,1,6.3,beverpa01
Patrick Beverley,35,MIL,PG,26,8,20.9,2.1,5.3,0.391,1,2.8,0.361,1.1,2.5,0.424,0.9,1,0.852,0.7,2.9,3.6,2.6,0.7,0.5,0.6,6,beverpa01
Jae Crowder,33,MIL,PF,50,25,23.1,2.3,5.4,0.422,1.2,3.3,0.349,1.1,2.1,0.538,0.5,0.7,0.722,0.6,2.6,3.2,1.3,0.8,0.2,0.5,6.2,crowdja01
Keon Johnson,21,BRK,SG,5,0,12.2,1.6,4.2,0.381,0.8,2,0.4,0.8,2.2,0.364,2.2,2.4,0.917,0.6,0.8,1.4,0.6,0.6,0.2,1,6.2,johnske07
Haywood Highsmith,27,MIA,PF,66,26,20.7,2.3,5,0.465,1.2,2.9,0.396,1.2,2.1,0.562,0.3,0.5,0.639,1,2.2,3.2,1.1,0.8,0.5,0.5,6.1,highsha01
Vit Krejci,23,ATL,PG,22,14,24.6,2.3,4.7,0.49,1.3,3.1,0.412,1,1.6,0.639,0.2,0.3,0.833,0.5,1.9,2.4,2.3,0.6,0.3,0.9,6.1,krejcvi01
Kris Murray,23,POR,SF,62,29,21.7,2.3,5.9,0.396,0.8,3,0.268,1.5,3,0.525,0.6,0.9,0.661,1.4,2.2,3.6,1.3,0.9,0.3,0.9,6.1,murrakr01
Ben Simmons,27,BRK,PG,15,12,23.9,2.9,4.9,0.581,0,0,,2.9,4.9,0.581,0.4,1,0.4,2.1,5.9,7.9,5.7,0.8,0.6,1.8,6.1,simmobe01
Zavier Simpson,26,MEM,PG,7,0,23,2.4,7.7,0.315,0.7,2.4,0.294,1.7,5.3,0.324,0.4,0.6,0.75,0.6,2.3,2.9,3.6,1,0.4,1.4,6,simpsza01
Tosan Evbuomwan,22,2TM,SF,17,8,21.6,2.1,4.2,0.507,0.7,1.9,0.375,1.4,2.3,0.615,1,1.5,0.68,1.1,2.5,3.5,0.9,0.4,0.3,0.5,5.9,evbuoto01
Tosan Evbuomwan,22,MEM,SF,4,0,18.5,1,3.8,0.267,0.5,2,0.25,0.5,1.8,0.286,0,0,,2,1.5,3.5,1.5,0,0.3,0.3,2.5,evbuoto01
Tosan Evbuomwan,22,DET,SF,13,8,22.5,2.5,4.3,0.571,0.8,1.8,0.417,1.7,2.5,0.688,1.3,1.9,0.68,0.8,2.8,3.5,0.8,0.5,0.3,0.6,7,evbuoto01
Justin Champagnie,22,WAS,SF,15,1,15.7,2.1,5.2,0.41,0.9,3,0.289,1.3,2.2,0.576,0.8,1,0.8,1.3,2.3,3.5,1.3,0.7,0.6,0.7,5.9,champju01
Nick Smith Jr.,19,CHO,SG,51,0,14.3,2.2,5.7,0.391,1.2,2.9,0.432,1,2.8,0.35,0.3,0.3,0.867,0.4,1.1,1.4,1.2,0.2,0.1,0.8,5.9,smithni01
Ochai Agbaji,23,2TM,SG,78,28,21,2.3,5.6,0.411,0.8,2.7,0.294,1.5,2.8,0.523,0.5,0.7,0.661,0.9,1.8,2.8,1.1,0.6,0.6,0.8,5.8,agbajoc01
Ochai Agbaji,23,UTA,SG,51,10,19.7,2.1,4.9,0.426,0.9,2.8,0.331,1.2,2.1,0.551,0.3,0.4,0.75,0.7,1.8,2.5,0.9,0.5,0.6,0.7,5.4,agbajoc01
Ochai Agbaji,23,TOR,SG,27,18,23.6,2.7,6.8,0.391,0.6,2.6,0.217,2.1,4.3,0.496,0.8,1.3,0.611,1.4,1.9,3.3,1.3,0.7,0.6,1.1,6.7,agbajoc01
Noah Clowney,19,BRK,PF,23,4,16.1,2.2,4,0.538,0.5,1.4,0.364,1.7,2.6,0.633,0.9,1.3,0.7,1.1,2.4,3.5,0.8,0.3,0.7,0.7,5.8,clownno01
Dyson Daniels,20,NOP,PG,61,16,22.3,2.3,5.1,0.447,0.7,2.2,0.311,1.6,2.9,0.551,0.6,0.9,0.642,1,2.9,3.9,2.7,1.4,0.4,1,5.8,daniedy01
Danilo Gallinari,35,3TM,SF,49,0,12.9,1.7,3.9,0.437,0.6,1.9,0.323,1.1,2,0.546,1.7,2,0.857,0.4,1.8,2.2,1.1,0.3,0.1,0.5,5.7,gallida01
Danilo Gallinari,35,WAS,PF,26,0,14.8,2.2,5,0.435,0.8,2.5,0.313,1.4,2.6,0.552,1.8,2.2,0.839,0.5,2.5,2.9,1.2,0.2,0.1,0.5,7,gallida01
Danilo Gallinari,35,DET,SF,6,0,15,2,3.7,0.545,1.2,2,0.583,0.8,1.7,0.5,3.5,4,0.875,0.3,2,2.3,2,0.3,0.3,0.2,8.7,gallida01
Danilo Gallinari,35,MIL,SF,17,0,9.1,0.8,2.2,0.378,0.2,1,0.176,0.6,1.2,0.55,0.9,1.1,0.889,0.4,0.7,1.1,0.7,0.4,0.1,0.6,2.8,gallida01
Thomas Bryant,26,MIA,C,38,4,11.6,2.3,3.9,0.577,0.1,0.6,0.182,2.2,3.3,0.646,1.1,1.2,0.872,1.1,2.7,3.7,0.6,0.3,0.4,0.6,5.7,bryanth01
Torrey Craig,33,CHI,SF,53,14,19.8,2,4.7,0.43,1.1,2.9,0.392,0.9,1.8,0.49,0.5,0.7,0.75,1.3,2.8,4.1,1.1,0.6,0.4,0.6,5.7,craigto01
Larry Nance Jr.,31,NOP,C,61,0,19.9,2.3,4,0.573,0.4,1.1,0.415,1.8,2.9,0.631,0.8,1,0.77,1.5,3.5,5,1.9,1,0.3,0.8,5.7,nancela02
Pat Connaughton,31,MIL,SF,76,3,22.1,2,4.6,0.435,1.1,3.1,0.345,0.9,1.4,0.633,0.6,0.8,0.759,0.7,2.5,3.1,2.1,0.5,0.3,0.6,5.6,connapa01
Craig Porter Jr.,23,CLE,PG,51,6,12.7,2.3,4.5,0.509,0.2,0.7,0.353,2,3.8,0.536,0.8,1.1,0.732,0.4,1.7,2.1,2.3,0.4,0.3,0.9,5.6,portecr01
Mitchell Robinson,25,NYK,C,31,21,24.8,2.4,4.1,0.575,0,0,,2.4,4.1,0.575,0.9,2.1,0.409,4.6,3.9,8.5,0.6,1.2,1.1,0.8,5.6,robinmi01
Malachi Flynn,25,3TM,PG,69,0,12.7,2,4.7,0.418,0.8,2.4,0.331,1.2,2.3,0.513,0.8,1,0.732,0.3,1.3,1.7,1.9,0.6,0.1,0.9,5.5,flynnma01
Malachi Flynn,25,TOR,PG,31,0,15.3,1.8,4.4,0.409,0.9,2.6,0.35,0.9,1.8,0.491,0.5,0.7,0.773,0.4,1.7,2.1,2.4,0.6,0.2,1.1,5.1,flynnma01
Malachi Flynn,25,NYK,PG,14,0,4.3,0.6,1.6,0.391,0.3,0.9,0.308,0.4,0.7,0.5,0.6,0.8,0.818,0,0.4,0.4,0.4,0.1,0,0.2,2.2,flynnma01
Malachi Flynn,25,DET,PG,24,0,14.3,3,6.9,0.43,1,3.2,0.316,2,3.7,0.528,1.1,1.6,0.684,0.3,1.5,1.8,2.1,0.8,0.1,1.1,8,flynnma01
Doug McDermott,32,2TM,SF,64,0,14.1,1.9,4.4,0.433,1.5,3.6,0.41,0.5,0.9,0.527,0.2,0.3,0.579,0.2,0.8,0.9,1.1,0.3,0,0.4,5.5,mcderdo01
Doug McDermott,32,SAS,SF,46,0,15.2,2.1,4.7,0.442,1.7,3.8,0.439,0.4,0.9,0.452,0.2,0.4,0.588,0.2,0.9,1,1.2,0.2,0,0.5,6,mcderdo01
Doug McDermott,32,IND,SF,18,0,11.3,1.6,3.8,0.406,1,3.1,0.321,0.6,0.7,0.769,0.1,0.1,0.5,0.1,0.5,0.6,0.7,0.3,0,0.2,4.2,mcderdo01
Dexter Dennis,24,DAL,SG,4,0,7.5,2.5,4.8,0.526,0.3,2,0.125,2.3,2.8,0.818,0.3,0.8,0.333,0.3,2,2.3,1,0,0.3,0.8,5.5,dennide01
Gary Payton II,31,GSW,SG,44,0,15.5,2.3,4.2,0.563,0.5,1.3,0.364,1.9,2.9,0.648,0.3,0.5,0.609,1,1.5,2.6,1.1,0.9,0.4,0.6,5.5,paytoga02
Neemias Queta,24,BOS,C,28,0,11.9,2.4,3.7,0.644,0,0,,2.4,3.7,0.644,0.7,1,0.714,1.9,2.5,4.4,0.7,0.5,0.8,0.5,5.5,quetane01
Ricky Council IV,22,PHI,SG,32,0,9,1.7,3.5,0.482,0.4,1,0.375,1.3,2.5,0.525,1.7,2.2,0.746,0.4,1,1.4,0.5,0.3,0,0.2,5.4,councri01
Kris Dunn,29,UTA,PG,66,32,18.9,2.2,4.7,0.47,0.6,1.7,0.369,1.6,3.1,0.525,0.3,0.5,0.688,0.8,2.1,2.9,3.8,1,0.4,1.2,5.4,dunnkr01
Keon Ellis,24,SAC,SG,57,21,17.2,1.9,4.1,0.461,1.2,2.9,0.417,0.6,1.1,0.578,0.5,0.6,0.743,0.6,1.6,2.2,1.5,0.9,0.5,0.6,5.4,elliske01
Cam Reddish,24,LAL,SF,48,26,20.5,1.9,4.9,0.389,0.8,2.3,0.336,1.1,2.6,0.435,0.9,1.1,0.759,0.6,1.5,2.1,1,1,0.3,0.6,5.4,reddica01
Matt Ryan,26,NOP,SF,28,1,13.9,1.8,4,0.434,1.5,3.3,0.451,0.3,0.8,0.364,0.5,0.5,0.929,0.2,1.2,1.4,0.6,0.2,0,0.7,5.4,ryanma01
Matisse Thybulle,26,POR,SF,65,19,22.9,1.9,4.9,0.397,1.2,3.6,0.346,0.7,1.3,0.535,0.3,0.4,0.759,0.5,1.6,2.1,1.4,1.7,0.8,0.6,5.4,thybuma01
Sasha Vezenkov,28,SAC,PF,42,0,12.2,2,4.5,0.44,1.1,2.9,0.375,0.9,1.7,0.549,0.3,0.4,0.8,0.7,1.6,2.3,0.5,0.5,0.2,0.3,5.4,vezenal01
Dean Wade,27,CLE,PF,54,32,20.5,1.8,4.3,0.414,1.5,3.7,0.391,0.3,0.6,0.567,0.4,0.5,0.769,0.7,3.4,4,0.8,0.7,0.5,0.4,5.4,wadede01
Darius Bazley,23,2TM,PF,9,0,16.9,2,3.3,0.6,0.2,0.9,0.25,1.8,2.4,0.727,1.1,1.3,0.833,0.9,2.2,3.1,0.8,0.7,0.8,0.9,5.3,bazleda01
Darius Bazley,23,PHI,PF,3,0,3.3,0,0.3,0,0,0,,0,0.3,0,0,0,,0,0.3,0.3,0.7,0,0,0.3,0,bazleda01
Darius Bazley,23,UTA,PF,6,0,23.7,3,4.8,0.621,0.3,1.3,0.25,2.7,3.5,0.762,1.7,2,0.833,1.3,3.2,4.5,0.8,1,1.2,1.2,8,bazleda01
Xavier Tillman Sr.,25,2TM,PF,54,15,18,2.2,5.2,0.434,0.4,1.5,0.247,1.9,3.7,0.51,0.4,0.9,0.44,1.3,2.6,3.9,1.4,0.9,0.8,0.6,5.3,tillmxa01
Xavier Tillman Sr.,25,MEM,C,34,13,20.6,2.6,6.3,0.408,0.4,1.6,0.226,2.2,4.7,0.469,0.5,1.3,0.419,1.6,3,4.6,1.7,1.2,1,0.9,6,tillmxa01
Xavier Tillman Sr.,25,BOS,PF,20,2,13.7,1.7,3.3,0.515,0.4,1.4,0.286,1.3,1.9,0.684,0.2,0.4,0.571,0.7,2,2.7,1,0.5,0.5,0.3,4,tillmxa01
Nicolas Batum,35,2TM,PF,60,38,25.5,1.9,4.3,0.453,1.2,3.1,0.395,0.7,1.2,0.606,0.3,0.4,0.714,1.2,3,4.1,2.1,0.8,0.6,0.7,5.3,batumni01
Nicolas Batum,35,LAC,PF,3,0,18,1,2.7,0.375,0.7,2.3,0.286,0.3,0.3,1,0,0,,0,2.3,2.3,1.7,1,1.3,0.3,2.7,batumni01
Nicolas Batum,35,PHI,PF,57,38,25.9,2,4.4,0.456,1.2,3.1,0.399,0.7,1.2,0.6,0.3,0.4,0.714,1.2,3,4.2,2.2,0.8,0.6,0.7,5.5,batumni01
Luke Kornet,28,BOS,C,63,7,15.6,2.3,3.2,0.7,0,0,1,2.2,3.2,0.698,0.8,0.9,0.907,1.9,2.3,4.1,1.1,0.4,1,0.3,5.3,kornelu01
Davion Mitchell,25,SAC,PG,72,4,15.3,2,4.5,0.452,0.8,2.2,0.361,1.2,2.3,0.539,0.4,0.6,0.714,0.3,1.1,1.3,1.9,0.2,0,0.6,5.3,mitchda01
Mason Plumlee,33,LAC,C,46,11,14.7,1.9,3.3,0.569,0,0.1,0,1.9,3.2,0.592,1.5,2.2,0.707,1.3,3.8,5.1,1.2,0.3,0.4,0.8,5.3,plumlma01
Stanley Umude,24,DET,SG,24,2,12.8,1.5,3.5,0.44,1,2.2,0.453,0.5,1.3,0.419,1.2,1.3,0.906,0.3,1.8,2.1,0.5,0.3,0.3,0.6,5.3,umudest01
Aleksej Pokusevski,22,2TM,PF,28,0,14.5,1.8,4.3,0.405,0.6,2,0.327,1.1,2.4,0.47,1.1,1.5,0.732,0.6,2.6,3.2,1.3,0.5,0.5,0.7,5.2,pokusal01
Aleksej Pokusevski,22,OKC,PF,10,0,6,0.4,1.6,0.25,0.2,1.1,0.182,0.2,0.5,0.4,0.2,0.4,0.5,0.2,0.8,1,0.5,0.1,0.1,0.3,1.2,pokusal01
Aleksej Pokusevski,22,CHO,PF,18,0,19.2,2.5,5.8,0.429,0.9,2.4,0.364,1.6,3.4,0.475,1.6,2.1,0.757,0.8,3.6,4.4,1.7,0.8,0.7,0.9,7.4,pokusal01
Bol Bol,24,PHO,PF,43,0,10.9,2.2,3.5,0.616,0.5,1.2,0.423,1.7,2.3,0.717,0.3,0.4,0.789,0.7,2.4,3.2,0.4,0.2,0.6,0.4,5.2,bolbo01
Brandon Boston Jr.,22,LAC,SF,32,0,10.8,2,5,0.404,0.4,1.6,0.269,1.6,3.4,0.468,0.7,1,0.697,0.6,1,1.6,0.4,0.3,0.3,0.8,5.2,bostobr01
Jarred Vanderbilt,24,LAL,PF,29,6,20,2,3.9,0.518,0.3,0.9,0.296,1.8,3,0.586,0.8,1.2,0.667,1.4,3.3,4.8,1.2,1.2,0.2,1,5.2,vandeja01
Seth Curry,33,2TM,SG,44,4,14,1.8,4.6,0.392,0.9,2.5,0.352,1,2.2,0.438,0.6,0.7,0.903,0.4,1.1,1.5,1,0.5,0.1,0.5,5.1,curryse01
Seth Curry,33,DAL,SG,36,3,12.7,1.5,4,0.372,0.8,2.2,0.363,0.7,1.8,0.385,0.5,0.5,0.895,0.4,1,1.4,0.8,0.5,0.1,0.4,4.3,curryse01
Seth Curry,33,CHO,SG,8,1,19.9,3.3,7.4,0.441,1.1,3.5,0.321,2.1,3.9,0.548,1.4,1.5,0.917,0.4,1.6,2,1.8,0.6,0.4,0.6,9,curryse01
Drew Eubanks,26,PHO,C,75,6,15.6,2,3.4,0.601,0,0,1,2,3.3,0.596,1,1.2,0.774,1.4,2.9,4.3,0.8,0.4,0.8,0.8,5.1,eubandr01
Bryce McGowens,21,CHO,SG,59,14,14.9,1.7,3.9,0.439,0.6,1.7,0.333,1.1,2.2,0.523,1.1,1.4,0.776,0.3,1.4,1.7,0.9,0.4,0.2,0.5,5.1,mcgowbr01
Richaun Holmes,30,2TM,C,40,10,13.9,2.1,3.7,0.558,0,0.1,0.333,2,3.6,0.563,0.9,1.2,0.723,1.8,2.8,4.6,0.6,0.3,0.5,0.6,5,holmeri01
Richaun Holmes,30,DAL,C,23,2,10.3,1.4,2.6,0.559,0,0,,1.4,2.6,0.559,0.5,0.9,0.571,1.4,2,3.4,0.7,0.1,0.4,0.5,3.4,holmeri01
Richaun Holmes,30,WAS,PF,17,8,18.7,2.9,5.2,0.557,0.1,0.2,0.333,2.8,5,0.565,1.3,1.5,0.846,2.2,3.9,6.1,0.6,0.5,0.6,0.7,7.1,holmeri01
Monte Morris,28,2TM,PG,33,0,14.4,1.9,4.6,0.405,0.8,2.1,0.386,1.1,2.5,0.422,0.4,0.6,0.684,0.2,1.5,1.7,2.1,0.6,0.3,0.2,5,morrimo01
Monte Morris,28,DET,PG,6,0,11.3,2,5.5,0.364,0.3,1.8,0.182,1.7,3.7,0.455,0.2,0.3,0.5,0.3,1.7,2,1.3,0.2,0.2,0.3,4.5,morrimo01
Monte Morris,28,MIN,PG,27,0,15.1,1.9,4.4,0.417,0.9,2.2,0.424,0.9,2.3,0.41,0.4,0.6,0.706,0.2,1.5,1.7,2.3,0.7,0.3,0.2,5.1,morrimo01
Goga Bitadze,24,ORL,C,62,33,15.4,2,3.4,0.603,0,0.2,0.143,2,3.1,0.636,0.9,1.4,0.655,1.8,2.9,4.6,1.3,0.5,1.2,0.7,5,bitadgo01
Jevon Carter,28,CHI,PG,72,0,13.9,1.9,5.1,0.378,1.1,3.3,0.329,0.8,1.8,0.466,0.1,0.1,0.571,0.2,0.7,0.8,1.3,0.5,0.2,0.5,5,carteje01
Devonte' Graham,28,SAS,PG,23,0,13.6,1.7,4.7,0.352,1.1,3.6,0.301,0.6,1.1,0.52,0.6,0.7,0.813,0.2,1.3,1.6,2.1,0.4,0.1,0.7,5,grahade01
Isaiah Livers,25,DET,PF,23,6,20.4,1.7,5,0.345,1,3.3,0.286,0.8,1.7,0.462,0.5,0.8,0.667,0.7,1.4,2.1,1.1,0.6,0.2,0.7,5,liveris01
Kobi Simmons,26,TOR,PG,4,0,16.8,2.3,5.3,0.429,0.5,2,0.25,1.8,3.3,0.538,0,0,,0.3,1.5,1.8,3,1.5,0.5,0.3,5,simmoko01
D.J. Wilson,27,PHI,PF,2,0,7.5,2,3,0.667,1,1,1,1,2,0.5,0,0,,0.5,0.5,1,1,0,1,0,5,wilsodj01
Jalen Wilson,23,BRK,PF,43,3,15.4,1.8,4.2,0.425,0.6,1.7,0.324,1.2,2.4,0.495,0.9,1.1,0.826,1.1,2,3,1,0.3,0.1,0.4,5,wilsoja03
Jock Landale,28,HOU,C,56,3,13.6,1.9,3.7,0.515,0.2,0.7,0.25,1.7,3,0.578,0.9,1.2,0.8,1.6,1.5,3.1,1.2,0.4,0.6,0.6,4.9,landajo01
Garrison Mathews,27,ATL,SG,66,5,15,1.6,3.4,0.456,1.3,2.9,0.44,0.3,0.5,0.545,0.5,0.6,0.81,0.3,1.1,1.4,0.6,0.3,0.1,0.3,4.9,mathega01
Jared Rhoden,24,DET,SG,17,0,14.4,1.9,3.9,0.5,0.7,1.8,0.387,1.2,2.1,0.6,0.3,0.5,0.625,0.2,1.8,1.9,0.8,0.2,0.8,0.4,4.9,rhodeja01
Kobe Bufkin,20,ATL,SG,17,0,11.5,2,5.4,0.37,0.5,2.4,0.225,1.5,3.1,0.481,0.2,0.5,0.5,0.4,1.6,1.9,1.6,0.4,0.3,0.6,4.8,bufkiko01
DeJon Jarreau,26,MEM,SG,9,0,16.7,1.9,5.6,0.34,0.4,1.4,0.308,1.4,4.1,0.351,0.6,1.2,0.455,0.9,4,4.9,2.9,0.7,0.2,1,4.8,jarrede01
Eugene Omoruyi,26,WAS,SF,43,0,9.1,1.9,3.9,0.485,0.3,1.1,0.283,1.6,2.8,0.562,0.7,1.1,0.653,0.8,1.2,2,0.8,0.6,0.1,0.5,4.8,omorueu01
Kenrich Williams,29,OKC,PF,69,1,14.9,1.9,4.1,0.468,0.8,2,0.397,1.1,2,0.54,0.1,0.2,0.5,0.9,2.1,3,1.3,0.6,0.1,0.5,4.7,willike04
Kenneth Lofton Jr.,21,3TM,PF,21,0,9.5,1.7,3.7,0.462,0.3,1.1,0.292,1.4,2.6,0.537,0.8,1.2,0.654,0.6,1.2,1.8,1.6,0.3,0.2,0.7,4.6,loftoke01
Kenneth Lofton Jr.,21,MEM,PF,15,0,6.6,0.9,2.5,0.378,0.2,0.7,0.3,0.7,1.8,0.407,0.5,1,0.533,0.1,0.9,1,0.9,0.2,0.2,0.4,2.6,loftoke01
Kenneth Lofton Jr.,21,PHI,PF,2,0,4.5,0.5,3,0.167,0,1,0,0.5,2,0.25,0,0,,0,1.5,1.5,0,0,0,1,1,loftoke01
Kenneth Lofton Jr.,21,UTA,PF,4,0,22.8,5.3,8.8,0.6,1,3,0.333,4.3,5.8,0.739,2.3,2.8,0.818,2.5,2.5,5,4.8,0.8,0.5,1.5,13.8,loftoke01
Anthony Black,20,ORL,PG,69,33,16.9,1.7,3.6,0.466,0.5,1.4,0.394,1.1,2.2,0.51,0.7,1.2,0.613,0.5,1.5,2,1.3,0.5,0.3,0.8,4.6,blackan01
Josh Okogie,25,PHO,SG,60,11,16,1.4,3.4,0.417,0.5,1.6,0.309,1,1.9,0.509,1.3,1.7,0.745,1.2,1.3,2.6,1.1,0.8,0.4,0.6,4.6,okogijo01
Omer Yurtseven,25,UTA,C,48,12,11.4,2.1,3.8,0.538,0.1,0.5,0.208,2,3.3,0.588,0.4,0.6,0.679,1.5,2.8,4.3,0.6,0.2,0.4,0.8,4.6,yurtsom01
Shake Milton,27,3TM,SG,48,0,12.1,1.6,4.1,0.405,0.4,1.3,0.281,1.3,2.7,0.466,0.8,1,0.816,0.3,1.3,1.6,1.3,0.4,0.1,0.6,4.5,miltosh01
Shake Milton,27,MIN,SG,38,0,12.9,1.7,4.2,0.4,0.4,1.4,0.264,1.3,2.8,0.467,0.9,1.2,0.818,0.2,1.2,1.3,1.3,0.4,0.1,0.7,4.7,miltosh01
Shake Milton,27,DET,SG,4,0,15.8,2.8,6.5,0.423,0.8,2.3,0.333,2,4.3,0.471,0.5,0.8,0.667,1.8,2.8,4.5,1.5,0.5,0.3,0.8,6.8,miltosh01
Shake Milton,27,NYK,SG,6,0,4.5,0.7,1.5,0.444,0.2,0.3,0.5,0.5,1.2,0.429,0.3,0.3,1,0,1,1,0.7,0.2,0,0,1.8,miltosh01
Delon Wright,31,2TM,PG,47,1,15.8,1.6,4,0.394,0.5,1.4,0.368,1,2.6,0.408,0.8,1,0.822,0.4,1.4,1.8,2.5,1.1,0.2,0.3,4.5,wrighde01
Delon Wright,31,WAS,PG,33,0,13.8,1.5,3.7,0.393,0.4,1.2,0.368,1,2.5,0.405,0.7,0.9,0.828,0.4,1.4,1.8,2.5,1.1,0.2,0.3,4.1,wrighde01
Delon Wright,31,MIA,PG,14,1,20.4,1.9,4.7,0.394,0.8,2.1,0.367,1.1,2.6,0.417,0.9,1.1,0.813,0.4,1.5,1.9,2.6,1.4,0.2,0.2,5.4,wrighde01
A.J. Green,24,MIL,SG,56,0,11,1.5,3.5,0.423,1.2,3,0.408,0.3,0.5,0.519,0.3,0.3,0.895,0.2,1,1.1,0.5,0.2,0.1,0.2,4.5,greenaj01
Kevon Looney,27,GSW,C,74,36,16.1,1.9,3.1,0.597,0,0,0,1.9,3.1,0.599,0.8,1.1,0.675,1.9,3.7,5.7,1.8,0.4,0.4,0.7,4.5,looneke01
Taze Moore,25,POR,SG,4,0,10,2,4.8,0.421,0.3,1.8,0.143,1.8,3,0.583,0.3,0.5,0.5,1,1,2,1.3,0.5,0,0.8,4.5,mooreta02
Julian Strawther,21,DEN,SF,50,0,10.9,1.6,4.4,0.369,0.8,2.8,0.297,0.8,1.7,0.488,0.4,0.6,0.71,0.1,1.1,1.2,0.9,0.3,0.1,0.5,4.5,strawju01
Bismack Biyombo,31,2TM,C,40,27,19.8,1.9,3.3,0.565,0,0,,1.9,3.3,0.565,0.7,1.4,0.481,1.6,3.7,5.2,1.3,0.3,0.9,1.1,4.4,biyombi01
Bismack Biyombo,31,MEM,C,30,27,23.9,2.2,4,0.563,0,0,,2.2,4,0.563,0.7,1.5,0.478,1.9,4.5,6.4,1.7,0.3,1.1,1.3,5.2,biyombi01
Bismack Biyombo,31,OKC,C,10,0,7.3,0.7,1.2,0.583,0,0,,0.7,1.2,0.583,0.4,0.8,0.5,0.5,1.3,1.8,0.2,0.1,0.3,0.4,1.8,biyombi01
Robert Covington,33,2TM,PF,29,6,16.8,1.5,3.4,0.439,0.7,1.9,0.339,0.8,1.4,0.571,0.8,0.9,0.846,1.1,2.3,3.3,0.8,1.3,0.6,0.4,4.4,covinro01
Robert Covington,33,LAC,PF,3,3,23,1,3,0.333,0.7,2.7,0.25,0.3,0.3,1,0.3,0.7,0.5,0.7,2,2.7,2.3,2,0.7,0,3,covinro01
Robert Covington,33,PHI,SF,26,3,16.1,1.5,3.4,0.449,0.7,1.8,0.354,0.9,1.6,0.561,0.8,0.9,0.875,1.1,2.3,3.4,0.7,1.3,0.6,0.4,4.5,covinro01
Patrick Baldwin Jr.,21,WAS,SF,38,7,13,1.6,4.1,0.381,0.8,2.6,0.32,0.7,1.5,0.483,0.5,0.7,0.679,0.4,2.8,3.2,0.8,0.5,0.4,0.5,4.4,baldwpa01
Mo Bamba,25,PHI,C,57,17,13,1.7,3.5,0.49,0.4,1.1,0.391,1.3,2.4,0.537,0.6,0.9,0.68,1.4,2.8,4.2,0.7,0.4,1.1,0.7,4.4,bambamo01
Dominick Barlow,20,SAS,PF,33,1,12.7,1.7,3.4,0.496,0.1,0.3,0.333,1.6,3.2,0.51,0.9,1.3,0.69,1.4,2.1,3.4,1.1,0.4,0.4,0.3,4.4,barlodo01
MarJon Beauchamp,23,MIL,SF,48,1,12.7,1.7,3.5,0.488,0.6,1.6,0.4,1.1,1.9,0.56,0.4,0.6,0.679,0.5,1.6,2.1,0.6,0.3,0.1,0.6,4.4,beaucma01
Joe Ingles,36,ORL,SF,68,0,17.2,1.5,3.3,0.436,1,2.4,0.435,0.4,1,0.439,0.4,0.5,0.824,0.3,1.8,2.1,3,0.6,0.1,1,4.4,inglejo01
Maxi Kleber,32,DAL,C,43,7,20.3,1.5,3.4,0.432,0.7,2.1,0.348,0.7,1.3,0.574,0.8,1.1,0.702,0.7,2.6,3.3,1.6,0.4,0.7,0.7,4.4,klebima01
Jontay Porter,24,TOR,PF,26,5,13.8,1.5,4,0.385,0.8,2.3,0.333,0.8,1.7,0.455,0.6,0.7,0.833,1,2.2,3.2,2.3,0.8,0.8,0.8,4.4,portejo01
Lester Quiñones,23,GSW,SG,37,0,10.6,1.5,3.8,0.397,0.9,2.4,0.364,0.6,1.4,0.453,0.5,0.8,0.69,0.6,1.4,1.9,1,0.2,0.1,0.5,4.4,quinole01
Ben Sheppard,22,IND,SG,57,1,14.3,1.6,4,0.393,0.9,2.7,0.314,0.7,1.3,0.562,0.4,0.5,0.885,0.3,1.3,1.6,0.9,0.6,0,0.3,4.4,sheppbe01
Blake Wesley,20,SAS,SG,61,3,14.4,1.7,3.5,0.474,0.2,0.9,0.218,1.5,2.6,0.563,0.9,1.3,0.667,0.3,1.2,1.5,2.7,0.5,0.1,0.9,4.4,weslebl01
Jeff Dowtin,26,PHI,PG,12,0,11.8,1.7,3,0.556,0.8,1.6,0.474,0.9,1.4,0.647,0.3,0.3,0.75,0.3,1.4,1.7,2.3,0.6,0.1,0.4,4.3,dowtije01
Jaxson Hayes,23,LAL,C,70,5,12.5,1.8,2.5,0.72,0,0.1,0,1.8,2.4,0.754,0.7,1.2,0.622,1,2,3,0.5,0.5,0.4,0.6,4.3,hayesja02
Caleb Houstan,21,ORL,SF,59,13,13.8,1.4,3.5,0.388,1.2,3.3,0.373,0.1,0.2,0.615,0.4,0.4,0.808,0.5,0.9,1.4,0.5,0.3,0.1,0.3,4.3,houstca01
John Konchar,27,MEM,SF,55,23,21.3,1.6,3.8,0.423,0.7,2.2,0.317,0.9,1.6,0.568,0.4,0.5,0.84,1.3,3.4,4.7,2,0.9,0.9,0.8,4.3,konchjo01
Dru Smith,26,MIA,SG,9,0,14.6,1.7,3.7,0.455,0.8,1.9,0.412,0.9,1.8,0.5,0.2,0.2,1,0.7,0.9,1.6,1.6,1,0.3,0.6,4.3,smithdr01
Thaddeus Young,35,2TM,PF,33,6,13.3,2,3.3,0.602,0,0.2,0.143,1.9,3.1,0.634,0.2,0.5,0.4,1.4,1.7,3.1,1.7,0.7,0.2,0.5,4.2,youngth01
Thaddeus Young,35,TOR,PF,23,6,15.2,2.3,3.8,0.621,0,0.3,0.167,2.3,3.5,0.654,0.2,0.5,0.417,1.3,2,3.3,2.2,0.8,0.1,0.5,5,youngth01
Thaddeus Young,35,PHO,PF,10,0,8.9,1.1,2.1,0.524,0,0.1,0,1.1,2,0.55,0.1,0.3,0.333,1.7,1.1,2.8,0.7,0.5,0.2,0.4,2.3,youngth01
Jacob Gilyard,25,2TM,PG,41,14,17,1.5,3.7,0.4,1.2,3.1,0.405,0.2,0.6,0.375,0,0,1,0.2,0.9,1.1,3.3,0.8,0.1,0.7,4.2,gilyaja01
Jacob Gilyard,25,MEM,PG,37,14,17.7,1.6,3.9,0.417,1.4,3.2,0.425,0.2,0.6,0.375,0.1,0.1,1,0.2,0.9,1.2,3.5,0.7,0.1,0.8,4.7,gilyaja01
Jacob Gilyard,25,BRK,PG,4,0,11.3,0,1.5,0,0,1.5,0,0,0,,0,0,,0.3,0.5,0.8,1.5,1.5,0,0.3,0,gilyaja01
Armoni Brooks,25,BRK,PG,10,0,10.4,1.5,4.6,0.326,1.1,3.2,0.344,0.4,1.4,0.286,0.1,0.2,0.5,0.7,1.1,1.8,0.5,0.1,0.1,0.3,4.2,brookar01
Troy Brown Jr.,24,2TM,SF,59,15,14,1.4,3.8,0.372,0.8,2.4,0.333,0.6,1.4,0.435,0.5,0.6,0.865,0.4,2,2.4,1,0.4,0.1,0.5,4.2,browntr01
Troy Brown Jr.,24,MIN,SF,37,3,11.1,1.4,3.2,0.441,0.8,2.3,0.369,0.6,0.9,0.618,0.5,0.6,0.864,0.4,1.6,1.9,0.9,0.2,0.1,0.5,4.2,browntr01
Troy Brown Jr.,24,DET,SF,22,12,19,1.5,4.9,0.296,0.7,2.6,0.281,0.7,2.3,0.314,0.6,0.7,0.867,0.5,2.8,3.3,1.1,0.7,0,0.5,4.2,browntr01
Max Christie,20,LAL,SG,67,7,14.1,1.5,3.6,0.427,0.6,1.8,0.356,0.9,1.8,0.496,0.5,0.7,0.783,0.2,1.9,2.1,0.9,0.3,0.3,0.5,4.2,chrisma02
Ashton Hagans,24,POR,PG,19,1,16.6,1.5,3.7,0.408,0.4,1.3,0.32,1.1,2.4,0.457,0.7,0.9,0.824,0.7,1.6,2.4,2.8,0.6,0.5,1.6,4.2,haganas01
Danuel House Jr.,30,PHI,SF,34,4,15,1.4,3.1,0.448,0.4,1.5,0.3,0.9,1.6,0.582,1,1.4,0.761,0.5,1.2,1.7,0.8,0.4,0.1,0.6,4.2,houseda01
Skylar Mays,26,2TM,SG,38,5,11.4,1.7,4.2,0.396,0.4,1.4,0.296,1.2,2.8,0.448,0.3,0.4,0.765,0.3,0.9,1.1,2.2,0.6,0.1,0.5,4.1,mayssk01
Skylar Mays,26,POR,PG,21,5,17,2.5,6.6,0.384,0.7,2.3,0.286,1.9,4.2,0.438,0.6,0.8,0.765,0.4,1.3,1.8,3.6,0.7,0.1,0.9,6.3,mayssk01
Skylar Mays,26,LAL,SG,17,0,4.5,0.6,1.2,0.476,0.1,0.3,0.4,0.5,0.9,0.5,0,0,,0.1,0.3,0.4,0.6,0.4,0.1,0.1,1.3,mayssk01
Sandro Mamukelashvili,24,SAS,C,46,5,9.8,1.6,3.4,0.471,0.4,1.4,0.297,1.2,2,0.593,0.5,0.7,0.735,1,2.2,3.2,1.1,0.2,0.3,0.4,4.1,mamuksa01
Luka Šamanić,24,UTA,PF,43,7,9.4,1.4,3.7,0.38,0.3,1.5,0.203,1.1,2.2,0.5,1,1.3,0.786,0.5,1.9,2.4,0.4,0.1,0.2,0.7,4.1,samanlu01
Jae'Sean Tate,28,HOU,SF,65,9,15.9,1.7,3.5,0.472,0.4,1.2,0.299,1.3,2.3,0.559,0.4,0.6,0.667,0.9,2.1,3,1,0.6,0.2,0.6,4.1,tateja01
Patty Mills,35,2TM,PG,32,5,13,1.4,4.1,0.351,0.8,2.7,0.276,0.7,1.4,0.5,0.3,0.3,1,0.3,0.8,1.1,1.1,0.6,0,0.5,4,millspa02
Patty Mills,35,ATL,PG,19,0,10.6,1,2.7,0.373,0.7,1.8,0.382,0.3,0.9,0.353,0,0,,0.3,0.8,1.1,0.7,0.5,0.1,0.4,2.7,millspa02
Patty Mills,35,MIA,PG,13,5,16.4,2.1,6.2,0.338,0.8,4.1,0.208,1.2,2.1,0.593,0.8,0.8,1,0.3,0.8,1.2,1.5,0.8,0,0.6,5.8,millspa02
Izaiah Brockington,24,NOP,PG,1,0,3,2,5,0.4,0,1,0,2,4,0.5,0,0,,1,1,2,0,0,0,0,4,brockiz01
Ousmane Dieng,20,OKC,PF,33,0,11.1,1.5,3.5,0.422,0.6,2.1,0.3,0.8,1.4,0.609,0.4,0.5,0.875,0.3,1.2,1.5,1.1,0.2,0.2,0.6,4,diengou01
Luka Garza,25,MIN,C,25,0,4.9,1.4,3,0.48,0.4,1.3,0.281,1.1,1.7,0.628,0.7,1,0.72,0.8,0.5,1.2,0.2,0.2,0,0.2,4,garzalu01
Mouhamed Gueye,21,ATL,PF,6,0,12.2,1.3,3.8,0.348,0.5,1.5,0.333,0.8,2.3,0.357,0.8,1,0.833,1.7,2,3.7,0.7,0.8,0.7,0.2,4,gueyemo02
Justin Holiday,34,DEN,SG,58,9,14.9,1.5,3.3,0.454,0.9,2.3,0.404,0.6,1,0.569,0.1,0.1,0.75,0.2,1.1,1.2,1.2,0.6,0.2,0.2,4,holidju01
Matthew Hurt,23,MEM,PF,8,0,14.1,1.5,4.3,0.353,0.6,2.5,0.25,0.9,1.8,0.5,0.4,0.4,1,1.1,0.9,2,0.5,0.4,0.4,0.3,4,hurtma01
JaVale McGee,36,SAC,C,46,0,7.4,1.7,2.9,0.598,0,0.2,0.143,1.7,2.7,0.624,0.6,1,0.578,0.9,1.8,2.7,0.4,0.3,0.4,0.7,4,mcgeeja01
Svi Mykhailiuk,26,BOS,SF,41,2,10.1,1.4,3.3,0.416,1,2.6,0.389,0.4,0.7,0.517,0.1,0.2,0.667,0.3,1,1.2,0.9,0.3,0,0.3,4,mykhasv01
Rayan Rupert,19,POR,SG,39,12,16.2,1.4,4.1,0.335,0.7,2,0.359,0.7,2.1,0.313,0.5,0.6,0.76,0.6,1.7,2.4,1.6,0.3,0.1,0.8,4,ruperra01
Adama Sanogo,21,CHI,PF,9,0,7.3,1.6,3,0.519,0,0,,1.6,3,0.519,0.9,1.3,0.667,2.1,1.9,4,0,0.1,0,0.6,4,sanogad01
Jaylin Williams,21,OKC,C,69,1,13,1.4,3.3,0.417,0.8,2.1,0.368,0.6,1.2,0.5,0.5,0.6,0.805,0.5,2.9,3.4,1.6,0.4,0.4,0.5,4,willija07
Jules Bernard,24,WAS,SG,19,0,7.8,1.5,3.4,0.453,0.6,1.5,0.379,0.9,1.8,0.514,0.3,0.5,0.556,0.5,0.8,1.4,0.8,0.2,0.1,0.4,3.9,bernaju01
Chris Duarte,26,SAC,SF,59,11,12.2,1.4,3.6,0.381,0.7,2.2,0.346,0.6,1.4,0.434,0.4,0.6,0.788,0.4,1.4,1.8,0.7,0.5,0.1,0.4,3.9,duartch01
DeAndre Jordan,35,DEN,C,36,2,11,1.6,2.6,0.624,0,0,,1.6,2.6,0.624,0.7,1.5,0.491,1.5,2.9,4.4,0.7,0.2,0.4,0.6,3.9,jordade01
Sidy Cissoko,19,SAS,SF,12,0,11.8,1.3,2.8,0.485,0.1,1,0.083,1.3,1.8,0.714,1,1.3,0.8,0.7,1.2,1.8,0.8,0.6,0.3,0.3,3.8,cissosi01
Anthony Gill,31,WAS,PF,50,3,9.3,1.5,3.2,0.469,0.2,0.8,0.244,1.3,2.4,0.546,0.6,0.7,0.806,0.7,1.1,1.9,0.7,0.3,0.2,0.5,3.8,gillan01
KJ Martin,23,2TM,SF,60,2,12.4,1.6,3,0.536,0.1,0.5,0.286,1.5,2.6,0.582,0.4,0.7,0.537,0.7,1.5,2.2,0.9,0.4,0.2,0.5,3.7,martike04
KJ Martin,23,LAC,SF,2,0,15.5,2,5,0.4,0.5,2.5,0.2,1.5,2.5,0.6,0.5,1,0.5,0.5,1,1.5,0.5,1,0.5,1,5,martike04
KJ Martin,23,PHI,SF,58,2,12.3,1.6,2.9,0.544,0.1,0.4,0.304,1.5,2.6,0.581,0.4,0.7,0.538,0.7,1.5,2.2,0.9,0.3,0.2,0.5,3.7,martike04
Keita Bates-Diop,28,2TM,SF,53,8,12.5,1.4,3.1,0.434,0.4,1.3,0.304,1,1.8,0.526,0.6,0.8,0.762,0.6,1.5,2.1,0.7,0.5,0.4,0.3,3.7,bateske01
Keita Bates-Diop,28,PHO,SF,39,8,15.3,1.6,3.8,0.427,0.5,1.6,0.313,1.1,2.2,0.512,0.7,0.9,0.722,0.8,1.8,2.6,0.9,0.6,0.5,0.3,4.5,bateske01
Keita Bates-Diop,28,BRK,SF,14,0,4.9,0.6,1.1,0.5,0.1,0.4,0.2,0.5,0.8,0.636,0.4,0.4,1,0.1,0.6,0.6,0.3,0.2,0.1,0.1,1.6,bateske01
Oshae Brissett,25,BOS,SF,55,1,11.5,1.2,2.8,0.444,0.3,1,0.273,1,1.8,0.541,0.9,1.5,0.602,1.1,1.8,2.9,0.8,0.3,0.1,0.4,3.7,brissos01
Jamal Cain,24,MIA,PF,26,1,10,1.3,3,0.43,0.4,1.2,0.355,0.9,1.8,0.479,0.7,0.9,0.783,0.6,0.8,1.4,0.4,0.4,0.2,0.3,3.7,cainja01
Drew Peterson,24,BOS,PF,3,0,7.7,1.3,2,0.667,1,1.7,0.6,0.3,0.3,1,0,0,,0,0.3,0.3,0.3,0.7,0,0.3,3.7,peterdr01
T.J. Warren,30,MIN,SF,11,0,11.4,1.6,3.7,0.439,0.2,1.2,0.154,1.5,2.5,0.571,0.3,0.4,0.75,0.5,1.5,2,0.8,0.4,0.1,0.4,3.7,warretj01
James Bouknight,23,CHO,SG,14,0,5.8,1.3,2.9,0.439,0.9,2.1,0.433,0.4,0.8,0.455,0.1,0.1,0.5,0.1,0.6,0.6,0.4,0.1,0.1,0.1,3.6,bouknja01
Collin Gillespie,24,DEN,PG,24,0,9.4,1.3,2.9,0.464,0.6,1.6,0.395,0.7,1.3,0.548,0.3,0.5,0.667,0,0.8,0.9,1.1,0.5,0,0.6,3.6,gilleco01
Gui Santos,21,GSW,PF,23,0,8.3,1.2,2.4,0.509,0.4,1.2,0.37,0.8,1.2,0.643,0.7,0.7,0.941,0.7,1.4,2.1,0.6,0.2,0.1,0.3,3.6,santogu01
Jarace Walker,20,IND,PF,33,0,10.3,1.4,3.3,0.409,0.7,1.7,0.4,0.7,1.7,0.418,0.2,0.3,0.889,0.4,1.5,1.9,1.2,0.5,0.3,0.5,3.6,walkeja02
Lindy Waters III,26,OKC,SG,38,0,7.4,1.3,2.7,0.471,1,2.2,0.435,0.3,0.5,0.632,0.1,0.1,1,0.2,0.9,1.1,0.6,0.1,0.2,0.2,3.6,waterli01
Théo Maledon,22,2TM,PG,17,1,12.5,1.2,4.1,0.286,0.3,1.8,0.167,0.9,2.4,0.375,0.8,0.9,0.933,0.2,1.2,1.4,1.6,0.4,0,1.1,3.5,maledth01
Théo Maledon,22,CHO,PG,13,1,15.4,1.5,5.1,0.288,0.4,2.3,0.167,1.1,2.8,0.389,0.8,0.9,0.917,0.3,1.5,1.8,2.2,0.5,0,1.2,4.2,maledth01
Théo Maledon,22,PHO,PG,4,0,3.3,0.3,1,0.25,0,0,,0.3,1,0.25,0.8,0.8,1,0,0.3,0.3,0,0,0,0.8,1.3,maledth01
Onuralp Bitim,24,CHI,SG,23,1,11.7,1.4,3.7,0.381,0.5,1.9,0.273,0.9,1.7,0.5,0.2,0.2,0.8,0.3,1.1,1.4,0.6,0.1,0.1,0.4,3.5,bitimon01
Jordan McLaughlin,27,MIN,PG,56,0,11.2,1.3,2.6,0.483,0.8,1.6,0.472,0.5,1,0.5,0.2,0.3,0.722,0.3,1,1.3,2,0.6,0.1,0.3,3.5,mclaujo01
Marques Bolden,25,2TM,C,11,2,11,1.5,2.3,0.68,0,0.1,0,1.5,2.2,0.708,0.3,0.4,0.75,0.9,2.2,3.1,0.4,0.3,0.6,0.3,3.4,boldema01
Marques Bolden,25,MIL,C,2,0,1.5,0,0,,0,0,,0,0,,0,0,,0,1,1,0,0,0,0,0,boldema01
Marques Bolden,25,CHO,C,9,2,13.1,1.9,2.8,0.68,0,0.1,0,1.9,2.7,0.708,0.3,0.4,0.75,1.1,2.4,3.6,0.4,0.3,0.8,0.3,4.1,boldema01
Ryan Rollins,21,2TM,PG,13,0,6,1.1,2.1,0.519,0.2,0.3,0.75,0.8,1.8,0.478,1,1.3,0.765,0.2,0.8,1,1.1,0.8,0.2,0.6,3.4,rolliry01
Ryan Rollins,21,WAS,PG,10,0,6.6,1.3,2.5,0.52,0.2,0.3,0.667,1.1,2.2,0.5,1.3,1.7,0.765,0.2,0.9,1.1,1.1,0.8,0.3,0.7,4.1,rolliry01
Ryan Rollins,21,MIL,PG,3,0,4,0.3,0.7,0.5,0.3,0.3,1,0,0.3,0,0,0,,0,0.7,0.7,1,0.7,0,0.3,1,rolliry01
Yuta Watanabe,29,2TM,SF,34,0,13.6,1.2,3.4,0.353,0.7,2.5,0.294,0.5,0.9,0.516,0.3,0.5,0.588,0.3,1.3,1.6,0.4,0.4,0.2,0.6,3.4,watanyu01
Yuta Watanabe,29,PHO,SF,29,0,13.2,1.2,3.3,0.361,0.8,2.6,0.32,0.4,0.8,0.5,0.3,0.5,0.667,0.4,1.2,1.6,0.3,0.3,0.2,0.6,3.6,watanyu01
Yuta Watanabe,29,MEM,SF,5,0,16.4,1.2,3.8,0.316,0.2,2,0.1,1,1.8,0.556,0,0.4,0,0,1.8,1.8,1,0.6,0,0.6,2.6,watanyu01
Buddy Boeheim,24,DET,SF,10,0,8.4,0.9,2.9,0.31,0.8,2.5,0.32,0.1,0.4,0.25,0.8,1,0.8,0.3,0.7,1,0.3,0,0.1,0,3.4,boehebu01
Moses Brown,24,POR,C,22,5,9.1,1.5,3,0.508,0,0,,1.5,3,0.508,0.4,1.4,0.29,1.7,2.2,3.9,0.3,0.2,0.3,0.5,3.4,brownmo01
Wenyen Gabriel,26,MEM,PF,5,0,16.2,1.6,4.4,0.364,0.2,1.2,0.167,1.4,3.2,0.438,0,1,0,1.4,3.6,5,0.6,0.4,0.4,1.6,3.4,gabriwe01
Nassir Little,23,PHO,SF,45,2,10.2,1.3,2.8,0.46,0.5,1.6,0.3,0.8,1.2,0.667,0.4,0.4,0.85,0.3,1.4,1.7,0.5,0.2,0.2,0.3,3.4,littlna01
Jalen McDaniels,26,TOR,SF,50,1,10.8,1.3,3.8,0.344,0.2,1.4,0.169,1.1,2.4,0.449,0.5,0.7,0.73,0.4,1.2,1.6,0.7,0.4,0.1,0.6,3.4,mcdanja01
Jaden Springer,21,2TM,PG,49,2,10.3,1.2,3,0.399,0.2,1,0.208,1,2,0.49,0.7,0.9,0.833,0.7,0.9,1.6,0.9,0.7,0.3,0.7,3.3,sprinja01
Jaden Springer,21,PHI,SG,32,1,11.8,1.4,3.7,0.39,0.3,1.2,0.216,1.2,2.5,0.469,0.9,1.1,0.824,0.8,1,1.8,1.1,0.8,0.3,0.8,4,sprinja01
Jaden Springer,21,BOS,PG,17,1,7.6,0.8,1.8,0.433,0.1,0.6,0.182,0.6,1.1,0.579,0.4,0.5,0.875,0.5,0.7,1.2,0.5,0.6,0.2,0.5,2.1,sprinja01
Charles Bassey,23,SAS,C,19,0,10.8,1.5,2.1,0.725,0,0.1,0,1.5,2.1,0.744,0.3,0.3,0.833,1.2,2.8,4,1.1,0.4,0.9,0.8,3.3,bassech01
Micah Potter,25,UTA,PF,16,0,11.6,1.2,2.5,0.475,0.6,1.3,0.429,0.6,1.2,0.526,0.4,0.5,0.75,0.6,2.1,2.7,0.4,0.3,0.4,0.3,3.3,pottemi01
Dwight Powell,32,DAL,C,63,9,13.3,1.1,1.7,0.679,0,0,0.333,1.1,1.6,0.689,1,1.4,0.708,1.5,1.9,3.4,1.3,0.4,0.3,0.5,3.3,poweldw01
Terquavion Smith,21,PHI,PG,16,0,5.3,1.1,2.9,0.391,0.8,2.2,0.371,0.3,0.7,0.455,0.2,0.3,0.6,0,0.3,0.3,0.8,0.5,0,0.4,3.3,smithte01
Garrett Temple,37,TOR,SG,27,2,10.7,1.1,2.9,0.372,0.4,1.5,0.3,0.6,1.4,0.447,0.7,0.8,0.818,0.7,1,1.7,1,0.4,0.1,0.5,3.3,templga01
Tristan Thompson,32,CLE,C,49,0,11.2,1.5,2.4,0.608,0,0,0,1.5,2.4,0.613,0.3,1.1,0.288,1.5,2.1,3.6,1,0.2,0.3,0.6,3.3,thomptr01
Oscar Tshiebwe,24,IND,PF,8,0,5.3,1.3,2.5,0.5,0,0,,1.3,2.5,0.5,0.8,1,0.75,1,1,2,0.3,0.3,0.1,0,3.3,tshieos01
Kira Lewis Jr.,22,3TM,PG,28,0,9.5,1.2,3.3,0.37,0.1,1.2,0.121,1.1,2.1,0.508,0.6,0.7,0.85,0.3,0.6,0.9,1.3,0.3,0.1,0.5,3.2,lewiski01
Kira Lewis Jr.,22,NOP,PG,15,0,9.6,1.1,3.5,0.308,0.1,1.3,0.1,0.9,2.1,0.438,0.7,0.7,0.909,0.3,0.7,0.9,1.2,0.3,0.1,0.5,2.9,lewiski01
Kira Lewis Jr.,22,TOR,PG,1,0,2,0,0,,0,0,,0,0,,0,0,,0,0,0,0,0,0,0,0,lewiski01
Kira Lewis Jr.,22,UTA,PG,12,0,9.9,1.5,3.3,0.45,0.2,1.1,0.154,1.3,2.3,0.593,0.6,0.8,0.778,0.4,0.6,1,1.6,0.3,0.1,0.5,3.8,lewiski01
A.J. Lawson,23,DAL,SG,42,0,7.4,1.3,2.9,0.446,0.3,1.2,0.26,1,1.7,0.577,0.4,0.5,0.652,0.3,0.9,1.2,0.5,0.2,0.1,0.3,3.2,lawsoaj01
Boban Marjanović,35,HOU,C,14,0,5.1,1.3,2.4,0.529,0,0.1,0,1.3,2.3,0.563,0.6,1,0.643,0.5,1.8,2.3,0.4,0.1,0.1,0.4,3.2,marjabo01
Zeke Nnaji,23,DEN,PF,58,0,9.9,1.2,2.6,0.463,0.1,0.4,0.261,1.1,2.2,0.5,0.7,1.1,0.677,1.1,1.1,2.2,0.6,0.3,0.7,0.5,3.2,nnajize01
Ish Smith,35,CHO,PG,43,5,17.2,1.5,3.7,0.418,0.1,0.2,0.5,1.4,3.5,0.413,0.1,0.1,0.75,0.3,1.5,1.8,3.4,0.4,0.1,1.1,3.2,smithis01
JT Thor,21,CHO,PF,63,3,12.4,1.3,2.9,0.437,0.4,1.3,0.346,0.8,1.6,0.51,0.2,0.3,0.55,0.7,1.6,2.3,0.5,0.2,0.4,0.2,3.2,thorjt01
Brandon Williams,24,DAL,PG,17,0,6.6,1.2,3.2,0.37,0.2,0.9,0.2,1,2.3,0.436,0.6,1,0.647,0.2,0.5,0.8,1,0.1,0.1,0.4,3.2,willibr03
Wesley Matthews,37,ATL,SG,36,3,11.5,0.9,2.7,0.351,0.7,1.9,0.348,0.3,0.8,0.357,0.5,0.7,0.75,0.3,1.2,1.5,0.6,0.4,0.3,0.2,3.1,matthwe02
Dalen Terry,21,CHI,SG,59,2,11.5,1.2,2.7,0.439,0.3,1.3,0.23,0.9,1.4,0.627,0.4,0.7,0.581,0.5,1.4,1.9,1.4,0.5,0.3,0.5,3.1,terryda01
Gabe Vincent,27,LAL,PG,11,0,19.8,1.4,4.5,0.306,0.3,2.5,0.107,1.1,1.9,0.571,0.1,0.2,0.5,0.4,0.5,0.8,1.9,0.8,0,0.5,3.1,vincega01
Mike Muscala,32,3TM,C,53,6,11.3,1.1,2.9,0.359,0.5,1.8,0.292,0.5,1.1,0.467,0.3,0.5,0.68,0.7,1.6,2.4,0.7,0.2,0.2,0.4,3,muscami01
Mike Muscala,32,WAS,C,24,2,14.1,1.4,3.8,0.367,0.6,2.1,0.275,0.8,1.6,0.487,0.6,0.8,0.75,0.9,2.2,3.1,0.9,0.2,0.3,0.7,4,muscami01
Mike Muscala,32,DET,C,13,4,13.2,1.2,3.4,0.341,1,2.6,0.382,0.2,0.8,0.2,0.2,0.3,0.5,0.8,1.5,2.2,0.8,0.2,0.4,0.2,3.5,muscami01
Mike Muscala,32,OKC,C,16,0,5.7,0.5,1.4,0.364,0.1,0.7,0.091,0.4,0.7,0.636,0,0.1,0,0.4,0.9,1.3,0.3,0.1,0.1,0.3,1.1,muscami01
Johnny Davis,21,WAS,SG,50,6,12.3,1.2,3.1,0.403,0.3,0.8,0.35,1,2.3,0.421,0.3,0.5,0.583,0.4,1.1,1.4,0.6,0.4,0.2,0.3,3,davisjo06
Saben Lee,24,PHO,PG,24,0,7.7,0.8,2.3,0.364,0.1,0.7,0.125,0.8,1.6,0.462,1.2,1.6,0.744,0.4,0.9,1.3,1.3,0.3,0.1,0.3,3,leesa01
Olivier-Maxence Prosper,21,DAL,PF,40,1,8.4,1,2.6,0.385,0.3,1.1,0.289,0.7,1.5,0.458,0.7,1,0.683,0.6,1.4,2,0.6,0.2,0.1,0.2,3,prospol01
Trevelin Queen,26,ORL,SG,14,0,11.8,1,2.7,0.368,0.2,1.2,0.176,0.8,1.5,0.524,0.6,0.9,0.75,0.2,1.2,1.4,1.3,0.5,0.4,0.5,2.9,queentr01
Jeremiah Robinson-Earl,23,NOP,PF,39,1,8.6,1.2,2.4,0.474,0.3,1,0.333,0.8,1.4,0.571,0.3,0.4,0.75,0.6,1.4,1.9,0.5,0.3,0.1,0.4,2.9,robinje02
Jeenathan Williams,24,HOU,SG,22,0,5.9,1.2,2.3,0.54,0.1,0.2,0.4,1.1,2,0.556,0.3,0.6,0.538,0.5,0.5,1,0.3,0.2,0,0.2,2.9,willije02
D.J. Carton,23,TOR,SG,4,0,9,0.8,2,0.375,0.3,1,0.25,0.5,1,0.5,1,1.3,0.8,0.5,0.5,1,0.8,0.3,0,0.3,2.8,cartodj01
Henri Drell,23,CHI,SF,4,0,7.5,1,2.5,0.4,0.5,1.5,0.333,0.5,1,0.5,0.3,0.5,0.5,0.3,0.8,1,1,0.5,0.3,0.5,2.8,drellhe01
Orlando Robinson,23,MIA,C,36,7,8.4,1,2,0.5,0.2,0.4,0.533,0.8,1.6,0.491,0.5,0.7,0.76,0.8,1.6,2.3,0.9,0.2,0.2,0.5,2.8,robinor01
Emoni Bates,20,CLE,SF,15,0,8.9,1,3.3,0.306,0.7,2.2,0.303,0.3,1.1,0.313,0.1,0.3,0.25,0.1,0.9,0.9,0.7,0.1,0.1,0.5,2.7,batesem01
Leaky Black,24,CHO,SF,26,3,10.9,1,2,0.481,0.3,0.8,0.45,0.6,1.2,0.5,0.4,0.6,0.667,0.3,1.5,1.8,0.9,0.3,0.4,0.2,2.7,blackle01
Damian Jones,28,CLE,C,39,0,6.9,1.1,1.8,0.597,0.1,0.4,0.214,1,1.5,0.69,0.5,0.5,0.857,0.5,1.1,1.6,0.4,0.2,0.3,0.3,2.7,jonesda03
Malik Williams,25,TOR,C,7,2,15.3,1.3,4.9,0.265,0.1,0.7,0.2,1.1,4.1,0.276,0,0.3,0,2.1,3.3,5.4,0.3,0.4,0.6,0.4,2.7,willima11
Timmy Allen,24,MEM,SF,5,0,25,1.2,4.6,0.261,0,1.4,0,1.2,3.2,0.375,0.2,0.4,0.5,0.8,2.6,3.4,1,0.8,0,0.4,2.6,allenti01
Moussa Diabaté,22,LAC,C,11,0,5.8,0.9,1.7,0.526,0,0,,0.9,1.7,0.526,0.8,1.3,0.643,1.4,0.8,2.2,0.4,0.5,0.1,0.2,2.6,diabamo01
Otto Porter Jr.,30,TOR,SF,15,1,11.6,0.9,2.2,0.424,0.5,1.5,0.348,0.4,0.7,0.6,0.2,0.2,1,0.4,1.5,1.9,0.5,0.3,0.3,0.1,2.6,porteot01
Alex Fudge,20,2TM,SF,6,0,6.7,1,2.5,0.4,0.2,0.8,0.2,0.8,1.7,0.5,0.3,0.3,1,0.7,0.2,0.8,0,0.5,0,0.3,2.5,fudgeal01
Alex Fudge,20,LAL,SF,4,0,3.5,0.3,1.5,0.167,0,0.5,0,0.3,1,0.25,0.5,0.5,1,0.5,0,0.5,0,0,0,0.3,1,fudgeal01
Alex Fudge,20,DAL,SF,2,0,13,2.5,4.5,0.556,0.5,1.5,0.333,2,3,0.667,0,0,,1,0.5,1.5,0,1.5,0,0.5,5.5,fudgeal01
Dylan Windler,27,3TM,SF,17,0,6.4,0.9,1.8,0.5,0.8,1.6,0.481,0.1,0.2,0.667,0,0,,0.2,0.8,0.9,0.6,0.1,0,0.1,2.5,windldy01
Dylan Windler,27,NYK,SF,3,0,2.3,0.3,0.7,0.5,0.3,0.7,0.5,0,0,,0,0,,0,0.3,0.3,0.3,0,0,0,1,windldy01
Dylan Windler,27,LAL,SF,8,0,3.5,0.5,1.1,0.444,0.5,1,0.5,0,0.1,0,0,0,,0,0.4,0.4,0.8,0,0,0,1.5,windldy01
Dylan Windler,27,ATL,SF,6,0,12.2,1.7,3.2,0.526,1.3,2.8,0.471,0.3,0.3,1,0,0,,0.5,1.5,2,0.5,0.3,0,0.3,4.7,windldy01
Greg Brown III,22,DAL,PF,6,0,6.7,0.8,1.8,0.455,0.2,0.5,0.333,0.7,1.3,0.5,0.7,1.5,0.444,0.5,1,1.5,0.7,0,0.7,0.7,2.5,browngr01
Furkan Korkmaz,26,PHI,SG,35,0,8.6,0.9,2.2,0.395,0.4,1.1,0.35,0.5,1,0.444,0.4,0.6,0.7,0.1,0.7,0.9,0.7,0.4,0.1,0.3,2.5,korkmfu01
Alex Len,30,SAC,C,48,0,9.3,1,1.7,0.617,0,0.1,0,1,1.6,0.641,0.4,0.7,0.588,1,1.7,2.7,1,0.2,0.7,0.6,2.5,lenal01
Markieff Morris,34,DAL,PF,26,1,8.3,0.9,2.6,0.338,0.6,1.6,0.357,0.3,1,0.308,0.2,0.2,0.833,0.2,1.3,1.5,0.6,0.2,0.1,0.5,2.5,morrima02
Harry Giles,25,2TM,C,23,0,4.3,1,2.2,0.46,0.1,0.6,0.214,0.9,1.6,0.556,0.3,0.6,0.538,0.5,0.8,1.3,0.3,0.1,0.1,0.3,2.4,gilesha01
Harry Giles,25,BRK,C,16,0,5.1,1.4,2.8,0.5,0.2,0.7,0.273,1.2,2.1,0.576,0.4,0.8,0.538,0.8,0.9,1.6,0.4,0.1,0.2,0.4,3.4,gilesha01
Harry Giles,25,LAL,C,7,0,2.7,0.1,0.9,0.167,0,0.4,0,0.1,0.4,0.333,0,0,,0,0.6,0.6,0,0.1,0,0,0.3,gilesha01
AJ Griffin,20,ATL,SF,20,0,8.6,0.9,3.1,0.29,0.5,2,0.256,0.4,1.2,0.348,0.1,0.1,1,0.1,0.8,0.9,0.3,0.1,0.1,0.4,2.4,griffaj01
Mouhamadou Gueye,25,TOR,PF,11,0,10.9,1,3.5,0.289,0,0.3,0,1,3.2,0.314,0.4,0.8,0.444,1.1,1,2.1,0.5,0.3,1.6,1.1,2.4,gueyemo01
Joe Harris,32,DET,SG,16,0,10.6,0.9,2.4,0.359,0.6,1.9,0.333,0.3,0.6,0.444,0.1,0.1,0.5,0.2,0.6,0.8,0.6,0.2,0.1,0.3,2.4,harrijo01
Cory Joseph,32,GSW,PG,26,0,11.4,0.9,2.5,0.359,0.5,1.6,0.31,0.4,0.8,0.455,0.2,0.3,0.571,0.2,0.9,1.2,1.6,0.2,0.1,0.5,2.4,josepco01
Xavier Moon,29,LAC,SG,14,1,8.5,1.1,3.3,0.326,0.1,1.2,0.118,0.9,2.1,0.448,0.1,0.1,0.5,0.6,0.7,1.3,1.5,0.2,0.2,0.4,2.4,moonxa01
Jamaree Bouyea,24,2TM,PG,9,0,10.6,1.1,3.1,0.357,0.1,1,0.111,1,2.1,0.474,0,0,,0.3,1.8,2.1,1.2,0.1,0,1,2.3,bouyeja01
Jamaree Bouyea,24,POR,PG,6,0,9.5,0.8,3.5,0.238,0,1.3,0,0.8,2.2,0.385,0,0,,0.3,1.3,1.7,1.3,0,0,1.3,1.7,bouyeja01
Jamaree Bouyea,24,SAS,PG,3,0,12.7,1.7,2.3,0.714,0.3,0.3,1,1.3,2,0.667,0,0,,0.3,2.7,3,1,0.3,0,0.3,3.7,bouyeja01
Amari Bailey,19,CHO,PG,10,0,6.5,0.8,2.4,0.333,0.1,0.8,0.125,0.7,1.6,0.438,0.6,0.7,0.857,0.6,0.3,0.9,0.7,0.3,0,0.4,2.3,baileam01
Isaiah Mobley,24,CLE,PF,10,0,7.2,1,2.4,0.417,0.3,1,0.3,0.7,1.4,0.5,0,0.1,0,0.3,0.7,1,0.6,0.2,0,0.2,2.3,mobleis01
Chuma Okeke,25,ORL,SF,47,8,9.2,0.9,2.4,0.357,0.5,1.7,0.28,0.4,0.6,0.567,0.1,0.1,0.571,0.4,1.3,1.7,0.4,0.2,0.1,0.3,2.3,okekech01
Olivier Sarr,24,OKC,C,15,0,6.5,0.7,1.3,0.579,0.1,0.4,0.333,0.6,0.9,0.692,0.7,1,0.667,0.7,1.7,2.4,0.1,0,0.5,0.2,2.3,sarrol01
Dereon Seabron,23,NOP,SG,6,0,9.2,0.7,2.2,0.308,0.2,0.3,0.5,0.5,1.8,0.273,0.8,1,0.833,0.2,1,1.2,0.8,0.3,0.2,0,2.3,seabrde01
Cole Swider,24,MIA,SF,18,0,4.8,0.8,2.1,0.395,0.6,1.7,0.333,0.3,0.4,0.625,0.1,0.1,1,0.1,0.3,0.4,0.3,0.1,0.1,0.4,2.3,swideco01
Udoka Azubuike,24,PHO,C,16,0,7.1,1,1.4,0.696,0,0,,1,1.4,0.696,0.2,0.8,0.231,0.7,1.3,2,0.2,0.1,0.4,0.3,2.2,azubuud01
Reggie Bullock,32,HOU,SF,44,0,9.5,0.8,1.9,0.415,0.6,1.5,0.403,0.2,0.3,0.467,0,0,1,0.1,1.5,1.7,0.3,0.3,0.1,0.2,2.2,bullore01
Trent Forrest,25,ATL,SG,38,0,10.9,0.9,2.4,0.378,0.1,0.3,0.2,0.8,2.1,0.4,0.3,0.4,0.765,0.3,1.1,1.3,2.4,0.3,0.1,0.5,2.2,forretr01
Nate Hinton,24,HOU,SG,15,0,5,0.7,1.7,0.423,0.5,0.9,0.5,0.3,0.8,0.333,0.3,0.3,0.8,0.5,1,1.5,0.7,0.2,0.1,0.2,2.2,hintona01
Andre Jackson Jr.,22,MIL,SG,57,8,10,0.9,1.8,0.5,0.3,0.8,0.37,0.6,0.9,0.611,0.1,0.2,0.727,0.8,1.2,2,0.9,0.3,0.1,0.5,2.2,jacksan01
Julian Phillips,20,CHI,SF,40,0,8.1,0.8,1.9,0.416,0.3,1,0.316,0.5,1,0.513,0.3,0.5,0.684,0.3,0.6,0.9,0.3,0.2,0.2,0.3,2.2,phillju01
Ish Wainright,29,2TM,SF,11,0,5.6,0.6,2.2,0.292,0.6,1.8,0.35,0,0.4,0,0.2,0.2,1,0.3,1,1.3,0.1,0.4,0.1,0.2,2.1,wainris01
Ish Wainright,29,POR,SF,7,0,6.6,0.9,2.6,0.333,0.9,2.3,0.375,0,0.3,0,0.3,0.3,1,0,1.3,1.3,0,0.3,0.1,0.1,2.9,wainris01
Ish Wainright,29,PHO,SF,4,0,4,0.3,1.5,0.167,0.3,1,0.25,0,0.5,0,0,0,,0.8,0.5,1.3,0.3,0.5,0,0.3,0.8,wainris01
Colby Jones,21,SAC,SG,30,0,6.4,0.9,2.4,0.394,0.1,0.7,0.091,0.9,1.6,0.531,0.2,0.4,0.545,0.6,0.8,1.3,0.7,0.2,0.2,0.3,2.1,jonesco02
Mamadi Diakite,27,2TM,PF,6,0,4,0.7,1,0.667,0,0.2,0,0.7,0.8,0.8,0.7,1,0.667,0.2,0.5,0.7,0.3,0.2,0.2,0.2,2,diakima01
Mamadi Diakite,27,SAS,PF,3,0,5.3,1.3,1.7,0.8,0,0,,1.3,1.7,0.8,1.3,2,0.667,0.3,0.7,1,0.7,0,0.3,0,4,diakima01
Mamadi Diakite,27,NYK,PF,3,0,2.7,0,0.3,0,0,0.3,0,0,0,,0,0,,0,0.3,0.3,0,0.3,0,0.3,0,diakima01
Kobe Brown,24,LAC,PF,44,0,9,0.8,2,0.411,0.3,1.1,0.292,0.5,1,0.548,0,0,0.5,0.5,1,1.4,0.6,0.3,0.1,0.2,2,brownko01
JD Davison,21,BOS,SG,8,0,4.9,0.6,1.5,0.417,0.4,0.9,0.429,0.3,0.6,0.4,0.4,0.5,0.75,0.3,1,1.3,1.3,0.1,0.1,0.3,2,davisjd01
Jordan Ford,25,SAC,PG,6,0,3.7,0.7,1.2,0.571,0.3,0.5,0.667,0.3,0.7,0.5,0.3,0.3,1,0,0.3,0.3,0.3,0,0,0.2,2,fordjo01
Kevon Harris,26,ORL,SG,2,0,3,1,1.5,0.667,0,0,,1,1.5,0.667,0,0,,0,1,1,0.5,0,0,0.5,2,harrike01
D'Moi Hodge,25,LAL,SG,7,0,5.9,0.7,2.1,0.333,0.4,1.7,0.25,0.3,0.4,0.667,0.1,0.3,0.5,0,0,0,0.7,0.1,0.1,0.1,2,hodgedm01
Ty Jerome,26,CLE,SG,2,0,7.5,1,2,0.5,0,0.5,0,1,1.5,0.667,0,0,,0.5,0,0.5,1.5,0,0,0.5,2,jeromty01
Markquis Nowell,24,TOR,SG,1,0,4,0,1,0,0,0,,0,1,0,2,2,1,2,0,2,2,1,0,0,2,nowelma01
Jericho Sims,25,NYK,C,45,11,13,0.8,1.2,0.691,0,0,,0.8,1.2,0.691,0.4,0.5,0.667,1.2,2,3.3,0.6,0.2,0.4,0.4,2,simsje01
Lindell Wigginton,25,MIL,PG,3,0,2.7,0.7,1.7,0.4,0,0.7,0,0.7,1,0.667,0.7,0.7,1,0,0,0,0,0,0,0.3,2,wiggili01
Isaiah Wong,23,IND,SG,1,0,4,1,3,0.333,0,1,0,1,2,0.5,0,0,,0,0,0,0,0,0,0,2,wongis01
Justin Minaya,24,POR,SF,34,1,11.2,0.6,2.2,0.297,0.4,1.4,0.245,0.3,0.7,0.4,0.1,0.3,0.556,0.9,0.8,1.6,0.6,0.3,0.3,0.3,1.8,minayju01
Daishen Nix,21,MIN,PG,15,0,3.3,0.6,1.6,0.375,0.4,1.1,0.353,0.2,0.5,0.429,0.2,0.4,0.5,0.1,0.1,0.2,0.4,0.3,0,0.3,1.8,nixda01
Cody Zeller,31,NOP,C,43,0,7.4,0.6,1.4,0.419,0,0.1,0.333,0.6,1.4,0.424,0.5,0.9,0.605,1.1,1.5,2.6,0.9,0.2,0.1,0.4,1.8,zelleco01
Taj Gibson,38,2TM,PF,20,1,10.2,0.8,1.9,0.405,0.1,0.5,0.2,0.7,1.4,0.481,0.1,0.1,1,0.6,1.3,1.9,0.6,0.2,0.4,0.3,1.7,gibsota01
Taj Gibson,38,NYK,PF,16,1,10.3,0.4,1.4,0.304,0,0.4,0,0.4,1.1,0.412,0.1,0.1,1,0.6,1.1,1.8,0.6,0.1,0.4,0.3,1,gibsota01
Taj Gibson,38,DET,PF,4,0,9.8,2,3.5,0.571,0.5,1,0.5,1.5,2.5,0.6,0,0,,0.5,1.8,2.3,0.5,0.3,0.3,0,4.5,gibsota01
P.J. Tucker,38,2TM,PF,31,10,15.7,0.6,1.6,0.36,0.4,1.1,0.371,0.2,0.5,0.333,0.1,0.1,1,0.9,1.8,2.7,0.5,0.5,0.2,0.3,1.7,tuckepj01
P.J. Tucker,38,PHI,PF,3,3,22,0.7,1.7,0.4,0.7,1.7,0.4,0,0,,0,0,,0.3,4.3,4.7,0,1,0.7,0.7,2,tuckepj01
P.J. Tucker,38,LAC,PF,28,7,15,0.6,1.6,0.356,0.4,1.1,0.367,0.2,0.5,0.333,0.1,0.1,1,1,1.6,2.5,0.6,0.5,0.2,0.2,1.6,tuckepj01
Kessler Edwards,23,SAC,SF,54,0,5.1,0.6,1.5,0.415,0.4,1,0.385,0.3,0.6,0.467,0.1,0.2,0.556,0.2,0.6,0.8,0.3,0.2,0.1,0.1,1.7,edwarke02
Leonard Miller,20,MIN,SF,17,0,3.1,0.8,1.2,0.65,0.1,0.3,0.4,0.6,0.9,0.733,0.1,0.1,0.5,0.3,0.9,1.2,0.5,0.1,0.1,0.1,1.7,millele01
Jason Preston,24,UTA,PG,7,0,10.1,0.9,2.7,0.316,0,0.4,0,0.9,2.3,0.375,0,0,,0.9,1.6,2.4,2.3,0.3,0.1,0.3,1.7,prestja01
Jordan Walsh,19,BOS,SF,9,1,9.2,0.7,1.7,0.4,0.2,1,0.222,0.4,0.7,0.667,0.1,0.2,0.5,0.6,1.7,2.2,0.6,0.6,0.1,0.3,1.7,walshjo01
Jalen Hood-Schifino,20,LAL,SG,21,0,5.2,0.5,2.1,0.222,0.1,0.7,0.133,0.4,1.4,0.267,0.6,1,0.6,0.1,0.5,0.6,0.4,0.1,0.1,0.4,1.6,hoodsja01
Jett Howard,20,ORL,SF,18,0,3.7,0.6,1.7,0.333,0.4,1.4,0.28,0.2,0.3,0.6,0.1,0.2,0.5,0.1,0.3,0.4,0.3,0.1,0.1,0.2,1.6,howarje01
Seth Lundy,23,ATL,SF,9,0,5.8,0.4,1.9,0.235,0.3,1.4,0.231,0.1,0.4,0.25,0.3,0.4,0.75,0.1,0.7,0.8,0,0,0,0.1,1.6,lundyse01
Jordan Miller,24,LAC,SF,8,0,3.5,0.6,1.1,0.556,0.1,0.3,0.5,0.5,0.9,0.571,0.3,0.3,1,0.4,0.3,0.6,0,0,0,0.1,1.6,millejo02
Josh Minott,21,MIN,SF,32,0,2.8,0.5,1.1,0.472,0.1,0.3,0.4,0.4,0.8,0.5,0.4,0.4,0.857,0.1,0.4,0.5,0.3,0.2,0.2,0.1,1.6,minotjo01
Jalen Pickett,24,DEN,SG,27,0,4.5,0.6,1.3,0.429,0.3,0.9,0.36,0.2,0.4,0.6,0.1,0.1,0.75,0,0.5,0.5,0.8,0.1,0,0.3,1.6,pickeja02
Ibou Badji,21,POR,C,22,1,10.3,0.6,1,0.636,0,0,,0.6,1,0.636,0.3,0.5,0.5,0.9,1.4,2.3,0.6,0.1,0.9,0.7,1.5,badjiib01
Colin Castleton,23,LAL,C,16,0,3.7,0.6,1,0.563,0,0,,0.6,1,0.563,0.4,0.4,1,0.4,0.4,0.8,0.2,0.1,0,0.2,1.5,castlco01
Adam Flagler,24,OKC,SG,2,0,7,0.5,3.5,0.143,0.5,3,0.167,0,0.5,0,0,0,,0,0,0,2,0,0,0,1.5,flaglad01
Dariq Whitehead,19,BRK,SF,2,0,12,0.5,2.5,0.2,0,1.5,0,0.5,1,0.5,0.5,1,0.5,0,2,2,1.5,0,0.5,0,1.5,whiteda01
Terry Taylor,24,CHI,PF,31,0,6.1,0.6,1.3,0.513,0.1,0.3,0.222,0.6,1,0.6,0.1,0.2,0.8,0.5,0.6,1.2,0.3,0.2,0.1,0.2,1.5,taylote01
Jack White,26,MEM,SF,4,0,16,0.5,4,0.125,0.5,2.5,0.2,0,1.5,0,0,0,,1,2,3,0.3,1,0.3,0.5,1.5,whiteja03
Kendall Brown,20,IND,SG,15,0,4.2,0.5,1,0.533,0,0.1,0,0.5,0.9,0.615,0.3,0.5,0.625,0.2,0.1,0.3,0.3,0,0,0.1,1.4,brownke03
Mason Jones,25,SAC,SG,5,0,5.6,0.4,1.6,0.25,0.4,1.4,0.286,0,0.2,0,0.2,0.4,0.5,0.2,0.8,1,1,0.2,0,0.4,1.4,jonesma05
Jerome Robinson,26,GSW,SG,22,0,3.7,0.5,1.5,0.333,0.1,0.8,0.118,0.4,0.7,0.563,0.3,0.5,0.636,0,0.2,0.3,0.2,0,0.1,0.1,1.4,robinje01
Jermaine Samuels,25,HOU,SF,14,0,4.3,0.6,1,0.643,0,0.1,0,0.6,0.9,0.75,0.1,0.1,1,0.2,0.7,0.9,0.2,0.1,0.1,0,1.4,samueje01
Jacob Toppin,23,NYK,SF,9,0,4.2,0.6,1,0.556,0.1,0.4,0.25,0.4,0.6,0.8,0.2,0.2,1,0.3,0.4,0.8,0.3,0,0.1,0.1,1.4,toppija01
R.J. Hampton,22,MIA,PG,8,2,9.5,0.5,1.8,0.286,0.1,1,0.125,0.4,0.8,0.5,0.1,0.3,0.5,0.3,0.5,0.8,1,0,0,0.4,1.3,hamptrj01
Nathan Mensah,25,CHO,C,25,0,12.3,0.5,1.1,0.429,0,0,,0.5,1.1,0.429,0.4,0.5,0.75,1.2,1.4,2.6,0.4,0.2,0.6,0.6,1.3,mensana01
Isaiah Thomas,34,PHO,PG,6,0,3.2,0.5,1.7,0.3,0.3,0.7,0.5,0.2,1,0.167,0,0,,0,0,0,0.5,0,0,0,1.3,thomais02
TyTy Washington Jr.,22,MIL,PG,11,0,5.1,0.5,1.8,0.3,0.2,0.5,0.333,0.4,1.3,0.286,0,0,,0.1,0.4,0.5,0.5,0.3,0,0.2,1.3,washity02
Jay Huff,25,DEN,C,20,0,2.5,0.5,0.8,0.6,0.2,0.5,0.333,0.3,0.3,1,0.1,0.1,1,0.1,0.5,0.6,0.1,0.1,0.2,0.1,1.2,huffja01
Keyontae Johnson,23,OKC,SF,9,0,7.3,0.6,1.8,0.313,0.1,0.3,0.333,0.4,1.4,0.308,0,0,,0.4,0.7,1.1,0.4,0.1,0,0.4,1.2,johnske08
Chris Livingston,20,MIL,SF,21,0,4.3,0.5,1,0.5,0,0.2,0.2,0.5,0.8,0.588,0.1,0.2,0.75,0.1,0.9,1,0.2,0.1,0,0.2,1.2,livinch01
Braxton Key,26,DEN,SF,20,0,3,0.4,0.9,0.412,0.1,0.3,0.4,0.3,0.6,0.417,0.3,0.4,0.75,0.2,0.8,0.9,0.5,0.1,0.1,0.1,1.1,keybr01
Robin Lopez,35,MIL,C,16,2,4.1,0.4,1.2,0.368,0.1,0.5,0.25,0.3,0.7,0.455,0.1,0.1,1,0.2,0.1,0.3,0.3,0.1,0.2,0.1,1.1,lopezro01
Admiral Schofield,26,ORL,PF,23,0,3.7,0.4,1.1,0.385,0.3,0.7,0.375,0.2,0.4,0.4,0,0.1,0,0.1,0.6,0.7,0.3,0,0,0.2,1.1,schofad01
Hunter Tyson,23,DEN,PF,18,0,2.7,0.4,1.1,0.4,0.2,0.8,0.286,0.2,0.3,0.667,0,0,,0.1,0.4,0.5,0.1,0.1,0,0.1,1.1,tysonhu01
Filip Petrušev,23,2TM,C,3,0,3.3,0.3,0.7,0.5,0,0,,0.3,0.7,0.5,0.3,0.7,0.5,0,0.3,0.3,0,0,0,0,1,petrufi01
Filip Petrušev,23,PHI,C,1,0,3,0,0,,0,0,,0,0,,0,0,,0,1,1,0,0,0,0,0,petrufi01
Filip Petrušev,23,SAC,C,2,0,3.5,0.5,1,0.5,0,0,,0.5,1,0.5,0.5,1,0.5,0,0,0,0,0,0,0,1.5,petrufi01
Hamidou Diallo,25,WAS,SG,2,0,2.5,0.5,1,0.5,0,0,,0.5,1,0.5,0,0,,1,0,1,0.5,1,0,0.5,1,diallha01
Frank Ntilikina,25,CHO,PG,5,0,8.6,0.2,1.8,0.111,0.2,1.6,0.125,0,0.2,0,0.4,0.4,1,0.2,1,1.2,0.8,0,0,0.2,1,ntilila01
Joshua Primo,21,LAC,SG,2,0,5,0.5,1.5,0.333,0,0.5,0,0.5,1,0.5,0,0,,0.5,0,0.5,0,0,0.5,2,1,primojo01
Thanasis Antetokounmpo,31,MIL,PF,34,0,4.6,0.5,0.9,0.533,0,0,0,0.5,0.9,0.552,0,0.1,0,0.2,0.2,0.4,0.5,0.2,0.1,0.4,0.9,antetth01
James Johnson,36,IND,PF,9,0,5.2,0.3,1.1,0.3,0,0.2,0,0.3,0.9,0.375,0.2,0.2,1,0.1,0.3,0.4,0.9,0.6,0.1,0.6,0.9,johnsja01
Charlie Brown Jr.,26,NYK,SG,8,0,4.6,0.3,1.3,0.2,0.3,0.9,0.286,0,0.4,0,0,0,,0.1,0.1,0.3,0,0,0.3,0.3,0.8,brownch02
DaQuan Jeffries,26,NYK,SG,17,0,2.7,0.4,1,0.353,0.1,0.6,0.2,0.2,0.4,0.571,0,0.1,0,0,0.3,0.3,0.3,0,0.1,0.2,0.8,jeffrda01
Shaquille Harrison,30,MEM,SG,3,0,2,0.3,0.7,0.5,0,0,,0.3,0.7,0.5,0,0,,0,0.7,0.7,0,0,0.3,0,0.7,harrish01
Quenton Jackson,25,IND,PG,3,0,3.7,0,0.3,0,0,0,,0,0.3,0,0.7,0.7,1,0,1.3,1.3,0.7,0.3,0,0,0.7,jacksqu01
Wendell Moore Jr.,22,MIN,SG,25,0,3,0.4,0.7,0.5,0,0.2,0,0.4,0.5,0.75,0,0,,0,0.5,0.5,0.2,0.2,0,0.2,0.7,moorewe01
Jalen Slawson,24,SAC,SF,12,0,3.1,0.3,0.5,0.667,0,0.2,0,0.3,0.3,1,0,0,,0.1,0.5,0.6,0.2,0.1,0.1,0.2,0.7,slawsja01
Pat Spencer,27,GSW,PG,6,0,4.3,0.3,0.7,0.5,0,0.3,0,0.3,0.3,1,0,0,,0.3,0.3,0.7,0.8,0,0,0.2,0.7,spencpa01
Alondes Williams,24,MIA,SG,7,0,2.3,0.3,1.1,0.25,0,0.6,0,0.3,0.6,0.5,0.1,0.1,1,0,0.1,0.1,0,0,0.1,0.3,0.7,willial06
Juan Toscano-Anderson,30,SAC,SF,11,0,4.8,0.3,1.1,0.25,0.1,0.4,0.25,0.2,0.7,0.25,0,0,,0.4,0.9,1.3,0.4,0.1,0.1,0.2,0.6,toscaju01
Usman Garuba,21,GSW,PF,6,0,3,0.2,1,0.167,0,0.2,0,0.2,0.8,0.2,0.2,0.3,0.5,0.5,0.7,1.2,0.2,0.2,0.5,0.3,0.5,garubus01
E.J. Liddell,23,NOP,PF,8,0,2.9,0.1,0.8,0.167,0,0.6,0,0.1,0.1,1,0.3,0.3,1,0,0.6,0.6,0.1,0.3,0.3,0.3,0.5,liddeej01
Pete Nance,23,CLE,PF,8,0,3.4,0.1,0.8,0.167,0.1,0.1,1,0,0.6,0,0,0.3,0,0,0.4,0.4,0,0.1,0,0.1,0.4,nancepe01
Maxwell Lewis,21,LAL,SF,34,0,3,0.1,0.6,0.19,0,0.3,0.111,0.1,0.4,0.25,0.1,0.1,0.667,0.1,0.1,0.1,0.2,0.1,0,0.3,0.3,lewisma05
Ryan Arcidiacono,29,NYK,PG,20,0,2.3,0,0.3,0,0,0.3,0,0,0,,0,0,,0,0.4,0.4,0.2,0.1,0,0.1,0,arcidry01
Malcolm Cazalon,22,DET,SG,1,0,3,0,0,,0,0,,0,0,,0,0,,0,0,0,0,0,0,0,0,cazalma01
Jalen Crutcher,24,NOP,PG,1,0,3,0,1,0,0,0,,0,1,0,0,0,,0,0,0,0,0,0,0,0,crutcja01
Andrew Funk,24,CHI,SG,5,0,2.6,0,0.8,0,0,0.6,0,0,0.2,0,0,0,,0,0,0,0,0.2,0.2,0,0,funkan01
Kaiser Gates,27,NOP,SF,1,0,7,0,4,0,0,2,0,0,2,0,0,0,,0,1,1,0,0,0,0,0,gateska01
Danny Green,36,PHI,SG,2,0,9,0,1,0,0,0.5,0,0,0.5,0,0,0,,0,1,1,0.5,0.5,0,0,0,greenda02
Ron Harper Jr.,23,TOR,PF,1,0,4,0,0,,0,0,,0,0,,0,0,,0,0,0,1,0,0,0,0,harpero02
Justin Jackson,28,MIN,SF,2,0,0.5,0,0,,0,0,,0,0,,0,0,,0,0,0,0,0,0,0,0,jacksju01
Dmytro Skapintsev,25,NYK,C,2,0,1,0,0.5,0,0,0,,0,0.5,0,0,0,,0,0,0,0,0,0,0,0,skapidm01
Javonte Smart,24,PHI,PG,1,0,1,0,0,,0,0,,0,0,,0,0,,0,0,0,0,0,0,0,0,smartja01
